i,a0,a1,a2,a3,a4,a5,a6,a7,a8,a9,a10,a11
0,96672,756888,444188,125912,821926,685245,42938,713505,565132,381004,166283,225853
1,286894,277882,210337,969158,71104,473501,462122,585521,965011,751166,324886,231816
2,367887,78800,873337,993471,132421,660399,165701,916502,933729,952581,562294,439298
3,374757,20940,329733,48449,706496,893405,288902,1021006,670371,684785,673706,705362
4,999758,67841,19730,121751,39271,702054,552897,753098,763147,116568,400478,399298
5,19864,230379,722501,62469,922467,959871,365699,606292,66956,406530,672337,368126
6,1045129,330894,417674,425646,822888,781496,255523,992439,980408,924101,500209,920696
7,709949,276511,324768,327512,88386,1048418,228931,891735,526930,881072,479939,78060
8,731378,970119,953104,951637,82072,514634,965033,796810,863227,351243,241909,184103
9,216960,928998,402816,564576,47239,688342,807325,680447,479353,870982,229953,298478
10,802367,410242,262258,339538,388690,158078,510441,250339,436039,362234,794075,931522
11,644590,58908,1006526,748299,535794,1038947,485562,400097,495586,707413,1041379,1045465
12,722555,246905,413877,49878,1031607,397630,865843,785639,382681,760798,576908,863260
13,263703,801807,723765,692241,602462,848273,523021,81629,202186,491855,291910,230366
14,774467,807705,944431,579520,299759,234807,853532,968633,833994,1037163,148112,785031
15,888332,353536,606838,39821,531082,210898,1032734,507576,387977,900648,769071,816611
16,299651,182993,635555,77852,77831,7432,77188,605950,584865,530606,819476,77568
17,752224,867914,1028259,1020781,972662,514836,170123,75193,778891,589857,769075,653834
18,472949,527546,1038627,842945,227820,1027591,441317,560112,67550,283481,189500,803265
19,356545,409454,558310,730965,929425,827668,658080,532640,529729,808525,321939,602354
20,249056,685542,919923,379955,496031,482498,348803,337391,176905,94387,511313,93651
21,446089,147496,221129,772916,433771,102706,577491,7172,649789,638741,418565,1042813
22,253298,559437,386798,386296,1005117,668871,992603,122664,77478,463134,585055,734151
23,640454,514223,817455,693157,491181,905131,25339,384220,260013,968260,361339,540413
24,40791,685687,1037110,53911,20698,166218,202143,624458,943396,358606,623681,336197
25,595028,295313,731159,955379,463195,434317,18141,202743,796396,265147,982031,168740
26,872772,78690,972376,322898,516720,107080,788451,166302,131262,301535,733114,287356
27,116114,122129,906563,370713,273519,943389,341465,796963,849790,116154,773482,911098
28,405110,591390,637217,290518,395065,914120,673777,364144,685979,742526,813176,703617
29,572576,889799,99597,597057,23236,371562,9643,649275,268852,534923,96683,413353
30,881750,1038638,1038701,155936,715876,960498,755183,816799,352228,664733,27254,166406
31,141543,970422,846896,254796,835536,840599,73367,546797,488642,996941,343159,1041586
32,251448,166645,297049,607509,445595,176413,264422,587157,97419,380502,401236,455675
33,926110,714067,37601,211846,295644,969619,844409,209846,873525,785265,50809,381084
34,103599,273953,456695,456722,866658,179817,14643,654957,670423,673124,783361,177816
35,325010,713495,619744,933063,705936,858484,1029671,891840,89742,432834,781264,529700
36,459794,703322,900596,323210,979105,860440,993150,228075,1016717,610424,179950,956954
37,395600,234750,367245,1036347,773076,990216,659446,70218,162617,706038,146839,4240
38,953037,257407,852972,96196,352366,141516,789518,220041,494409,1047304,526259,297286
39,1016838,284995,426214,37531,762149,727880,587256,726651,969247,925953,596802,460723
40,277217,171309,509573,172277,519992,285035,513361,819057,799874,884396,497517,275986
41,458626,1010706,768155,456703,675059,992102,647105,775323,1016314,376402,576123,146766
42,469269,997553,566553,379888,452809,882862,22675,188177,964246,71858,445420,338733
43,878084,817264,899768,856245,32446,558662,101571,764440,952660,292738,120239,597702
44,106117,861184,277416,496559,318652,754928,1031171,131501,309443,227774,25006,758909
45,951932,856165,490736,362969,964740,186793,848697,130464,80703,393849,223124,412493
46,588476,657702,13313,713734,589229,762069,894183,628606,402584,469277,655180,735759
47,793987,129909,258066,606627,969204,407651,950840,797950,76126,793036,219512,50284
48,464008,243469,495052,876371,740379,570262,710645,57795,422388,919075,518645,510038
49,1015541,955054,61371,103772,838651,344970,91093,117390,166112,278078,74330,868100
50,325832,113417,482463,371940,975658,938176,995887,480833,552366,935556,774584,895951
51,964954,112867,443223,134513,286215,768248,964426,1020638,257800,498123,320252,124380
52,1047430,765408,272153,674722,648742,961443,925357,992963,86620,958205,512553,188441
53,669432,895721,761076,195112,855713,995702,965084,712951,465844,675196,110266,682179
54,396243,141881,205173,346629,947874,39467,547878,486991,153101,286688,780376,374132
55,459852,1031033,103154,695115,169658,493519,180946,142833,807368,608880,549852,879163
56,917658,436072,527638,649825,200748,761350,599493,611299,322878,1037083,1028809,728567
57,131988,556161,811314,594455,467331,838685,554626,723101,820138,1034791,248739,1013253
58,753192,200725,300779,743537,725487,331250,245572,165801,623118,518809,595416,1004253
59,637723,680903,508633,788141,860210,404320,407827,42059,625229,690072,381635,353977
60,335976,114842,381261,413949,741337,310714,99739,980591,173373,101576,726276,16630
61,366041,962311,646068,94388,833979,381950,136221,874441,24656,50309,379763,770803
62,1013903,874998,496531,1428,848009,736009,1003279,426246,397942,814236,803722,448437
63,676122,842106,833813,723569,638614,589465,987210,1029732,571477,208796,215726,258615
64,340321,721100,347060,463241,339720,405935,750919,624875,954398,614800,790175,47916
65,875393,399099,90282,240024,806079,949339,130105,273773,897274,909831,717960,982076
66,481316,926192,730930,603803,204001,180356,537566,398720,149583,17389,615182,154256
67,1012803,146270,725827,645943,534483,123656,50849,505122,781809,1039680,326090,938308
68,777464,312969,195525,566640,847862,628934,505351,700614,722371,921733,835961,777440
69,82404,688242,242131,511476,273940,620136,440695,994918,534905,119828,1048303,70148
70,887922,72307,47065,368876,802060,744560,534136,333095,605460,774226,1832,399336
71,708844,692759,657894,861204,156393,511177,963628,936600,791694,298935,221806,86859
72,124911,773268,892911,459475,54299,163788,76411,34126,858696,778912,464996,723547
73,192513,697261,58878,660740,984542,81132,567628,44387,1020077,561635,972157,1027553
74,454588,941567,484590,951840,80893,771440,637914,41907,671438,728441,612206,714846
75,616302,757899,596222,341160,498671,792656,468364,423293,604765,515644,529427,28853
76,267440,632393,130590,887206,542167,566911,514006,180785,954415,651545,508952,265638
77,337000,937686,1023355,206297,927815,298276,377712,108907,456647,557365,224174,975987
78,669012,439757,519026,875043,174830,46640,935589,111461,714231,62144,748012,377656
79,590443,660388,664933,475843,567240,514008,923497,924001,477408,308046,189098,674038
80,692760,14046,880403,141488,653375,177314,421760,480812,1002018,268177,5101,46954
81,397078,731466,549361,153623,797212,425474,84854,328149,661767,538787,39016,538175
82,818073,962774,579993,364040,963844,165436,1006465,94884,604539,386344,688692,824126
83,619221,387918,755260,351545,51957,130568,47564,277320,1004569,882136,856185,764246
84,862589,655599,923136,76403,298892,399336,592243,1024862,904139,636109,724424,303858
85,60622,817633,659051,872517,701437,887025,75341,973432,34655,1014611,678578,276883
86,524226,298894,357866,227500,186713,473814,417184,263641,242182,109694,384413,234151
87,56039,383001,238801,763333,998546,310116,328978,278296,885818,693415,868510,848520
88,879720,604330,717046,234926,670911,523048,1006502,783910,448256,644753,811175,357580
89,408289,537729,1034077,592744,414011,277210,1005163,739586,60720,765938,332361,36522
90,1001879,488710,587817,371287,410915,125588,770188,27060,534213,908981,886148,591584
91,399352,846949,770727,5201,280445,881806,3827,313823,872518,278536,221384,668805
92,695602,573941,40565,486833,633524,853328,312829,825677,460912,422500,775172,729181
93,140074,172342,769694,113600,522669,474272,269449,813686,1001249,132512,188653,726887
94,694272,187781,125265,469208,946930,463577,997325,1004806,164418,137348,868710,881093
95,164620,260313,62497,765417,702633,662007,554419,128085,115531,18141,35120,957775
96,170279,346140,380663,702683,505074,793660,460777,533074,1034166,897995,297647,551865
97,584182,500900,754710,408579,439826,543355,724419,932543,953911,799956,749166,92706
98,676224,441629,845095,581290,921305,306728,712053,281382,927076,201088,565698,70195
99,265572,646621,551853,897382,676666,275473,545632,520235,703197,1030351,142322,520384
100,623268,934677,947535,66389,662697,204115,347730,260654,297637,61727,339815,714094
101,1019863,873844,504244,232795,776634,459065,85605,73296,108471,457075,502977,969826
102,1040022,328040,382388,254009,9551,499084,944278,581523,1008585,359961,828906,476710
103,169580,779742,185377,460866,34973,498037,41249,377637,18687,18843,954548,747068
104,960282,863436,631468,858067,758905,1033,198503,529872,722079,465581,246730,528996
105,284207,423820,456104,550560,263558,144094,730537,918204,570201,747997,205427,669129
106,360935,790520,631653,623128,1006391,968835,236357,355149,599431,458902,398287,351056
107,22338,798179,451953,1045425,676681,453608,844768,549399,1012628,124385,522885,924763
108,655059,627221,474007,409095,884088,2577,138556,440978,873190,757030,173667,373964
109,868169,88564,72059,1044570,247165,451754,816557,1047721,79697,418919,911241,146540
110,259252,980197,209860,557908,465569,173993,468815,591963,720050,430870,85252,135334
111,451662,65570,970893,536875,434441,293220,1008659,793888,18744,100961,872709,138010
112,772916,606120,41177,954329,890780,537262,597841,474665,411306,485212,487091,271871
113,351475,237068,243965,594656,186824,370170,510435,808052,134693,642456,504532,594514
114,333950,757457,399045,546145,196906,542002,928737,913859,496866,784110,950677,527770
115,294560,763326,68069,815052,374348,986029,486812,203416,495472,629746,468249,912116
116,551074,602755,331346,723637,285403,405503,609220,611561,390625,329680,489593,785038
117,44924,389260,10553,664685,101145,335566,110174,259487,262923,484463,800415,664375
118,967745,574157,376497,901294,188219,164969,487126,180323,545312,945180,270011,847726
119,988468,724945,328969,856338,447085,666844,35510,656018,570382,302928,971048,812275
120,742273,805585,201942,201828,711067,247581,910467,282890,167077,906852,479012,397916
121,570736,20677,817196,971581,89965,699811,909329,270074,824864,403395,797488,1038396
122,116404,498294,255600,570843,767894,642072,851048,609051,136667,83714,1043130,849635
123,589604,400286,473898,604958,923257,427795,508795,1018433,58959,150481,601211,244597
124,207371,542770,496850,234256,260987,554280,719700,133654,748798,837803,170569,822742
125,843980,486733,535455,458449,1005365,164524,364783,295583,845067,835684,164131,545646
126,49890,285348,551563,253865,961630,821752,503079,753862,93022,197405,389086,167881
127,180068,892167,676685,28542,709356,118989,709743,178441,375688,697286,77468,725087
128,1015304,381719,836045,151122,508265,92527,720978,297363,422337,365361,607023,982252
129,958663,689031,954047,781501,913709,1035529,558688,810462,401411,264040,706089,646226
130,970125,860127,446182,875237,214235,504851,782347,804804,363884,199305,15724,308395
131,607067,260387,804393,672040,540030,463594,946170,33601,606740,980858,876354,851113
132,507824,625971,1000328,877597,236545,178427,959803,856198,341173,506501,400610,277296
133,392828,240587,768595,536885,1014639,751030,937496,357220,840502,241704,608437,383772
134,767448,451388,474453,391367,476389,341019,189523,689003,635742,810914,770497,319317
135,664157,17452,932873,203898,91434,895150,302546,220376,953819,922641,287897,115950
136,460625,690334,60429,222120,947451,671517,528471,252190,154426,628442,137348,948952
137,148564,426224,537961,637229,171708,89469,18136,645366,45927,642806,76153,127698
138,454055,861129,296593,688221,60229,18525,68448,254929,201631,453126,747895,227652
139,477619,615549,697562,169628,927704,19778,857403,623746,666107,696635,162586,341650
140,837183,551814,961111,313472,988007,903618,608897,219613,490430,389304,35849,253169
141,775742,23548,504012,867647,932649,938980,386496,473240,964932,202909,74066,412093
142,639931,187311,108208,204550,1037901,853197,175072,544587,585255,678424,230872,191949
143,129751,283740,501212,944445,142572,200978,792632,56040,680454,240163,334784,94025
144,618202,882784,586016,1041595,420609,912588,268322,134893,354589,988310,108071,391505
145,581974,871536,990010,107423,463222,720380,206735,855764,1018760,175214,650130,183543
146,602415,951873,319836,866584,93884,821411,967653,157120,1038895,992479,959584,767240
147,488753,132531,1014463,42928,708311,33713,614681,666537,392244,346785,635499,72891
148,111443,12679,530868,223891,224010,507561,785163,122433,600344,517472,530609,24510
149,668835,482122,977495,605270,266161,853504,518355,619440,279776,126549,261150,976413
150,640190,938045,728174,121981,499571,566446,622223,744522,914320,484408,548502,632485
151,71851,397128,558325,853361,99081,1001891,292228,443443,86535,58346,580181,989913
152,714219,285497,448998,710530,128170,200169,478734,267856,177362,127044,205539,259018
153,812919,495486,218239,494936,807028,922349,718303,51252,855702,799873,764775,886229
154,313974,290733,26538,513929,432128,906851,249264,150579,504635,541710,149320,178780
155,665039,225344,765064,554726,384719,155438,420628,697927,19988,1000116,852025,560066
156,989248,937036,871611,237345,881960,838199,474522,145477,565210,461523,207453,648839
157,392092,169995,706400,24151,8153,836329,566230,129246,201362,452842,893562,885186
158,817823,46201,490191,762141,768027,960376,731975,1025417,853054,214116,307472,704725
159,463994,33982,491377,106305,790738,631739,376466,948246,654338,457234,494511,818808
160,350777,539379,696420,47585,296593,993424,874055,647810,188803,635827,122961,185840
161,1003335,1004501,68861,403352,850808,578968,876824,299870,885934,207749,488230,404558
162,538802,334126,296207,529188,29604,114858,232079,836569,829428,1034759,174616,220257
163,170474,1026653,844225,965177,317027,564733,150593,601580,210249,545605,46646,643039
164,364563,1030430,583317,780732,827461,720338,766843,601936,30210,889592,474671,745179
165,973621,741093,565107,709609,515885,225402,575621,611083,1030512,219789,901951,610510
166,491320,909187,876577,331011,612784,601654,78358,991842,301424,836111,987674,600903
167,183323,619838,1038417,805614,712731,461403,1010591,812582,592670,663025,26864,241640
168,850143,178309,690982,164128,58780,111347,994039,202640,301345,466935,826012,574208
169,344091,30554,408756,105607,108024,777531,793525,814796,447265,770348,457177,192759
170,766629,439317,280454,581887,328222,550585,353712,821791,925826,907557,348189,910594
171,958938,436276,901343,995344,298271,712664,962396,724054,683483,771319,704298,332698
172,404005,511495,204938,949503,875846,700618,952331,396722,888750,870729,59433,114754
173,485446,570045,153267,965867,867992,290599,83679,121751,351562,86000,525868,314907
174,30811,102770,54764,137007,807716,375783,94562,18475,682408,135689,281589,243952
175,331199,497321,627795,840612,494810,356431,441995,720435,944450,290762,587565,515456
176,478939,851443,108843,74827,367654,980402,380738,417282,967580,48753,445033,341611
177,1042616,646395,575651,572437,928437,909421,496652,952774,343665,150501,450390,998129
178,507197,416268,641776,1005244,546100,864356,584639,842509,291213,952205,844535,482008
179,347362,101971,764070,513886,804822,549472,747259,790901,156368,6803,303697,16834
180,910782,78512,548475,98619,804016,88108,36311,14097,298830,1041602,147036,997233
181,525223,905736,766812,490432,977286,892979,850895,616185,10360,39819,756967,445585
182,787981,886740,254265,507515,1012834,213337,610585,647294,475532,977137,890187,59933
183,766731,755335,731153,834217,926022,499951,690961,254914,214867,1013457,634522,604805
184,271647,407496,372462,294254,103943,743823,1027191,960954,971890,745708,149048,323123
185,701860,415722,440727,343757,63646,956991,834439,896046,636830,873836,944102,863903
186,261307,390891,22358,907790,693313,910109,897242,763286,548597,292542,881822,658667
187,676275,208405,190132,102716,350649,448558,349665,942920,279192,698192,809003,544403
188,643988,1042098,535167,455450,848630,826091,134710,633240,474301,855331,27100,1001864
189,1022337,77726,955220,939543,878186,307397,687315,539662,542126,136239,770012,142134
190,996799,614929,275172,465809,995002,464770,416758,761290,760455,243844,1810,738972
191,67586,790711,403,169053,224202,36089,297219,65965,491399,531757,801531,668096
192,231338,627363,1046630,449221,373593,772310,651785,127817,793165,145595,452579,625849
193,141692,952395,3082,509973,494670,160780,570142,832181,987484,421042,451238,274021
194,415109,309874,452037,163856,205218,896737,714400,576644,649855,900670,949777,191234
195,114657,119299,62545,59097,869643,681336,1034174,170768,29681,352463,102680,113564
196,594702,806967,887007,716319,215003,135597,928523,641864,28745,381965,945737,589481
197,157171,1022170,471474,570114,965518,989017,385581,748349,158336,565440,979542,796772
198,775799,315925,266444,511492,836555,180113,239396,598284,1037528,716206,1043784,523055
199,313999,269344,354399,669047,117119,857845,663351,355194,420761,691884,239678,651112
200,69801,374682,1027778,957958,894012,391678,520962,336088,453048,12549,111163,800588
201,1010407,930875,380538,146814,50301,39291,636335,320503,460413,194567,159218,119535
202,812142,952055,405431,987522,522001,857238,460466,906403,569020,337330,258374,466353
203,294511,693123,325968,222470,90924,734528,735311,65041,569180,991528,808464,669517
204,979613,634966,175339,579429,274227,300231,514902,875828,619643,122383,740986,69617
205,852704,671934,405617,680141,763636,1042049,69677,230346,781328,296299,302536,333983
206,392980,248815,884912,716909,597009,306759,960555,334855,329923,502145,29145,17377
207,950623,787146,482080,221038,397229,598776,46765,123564,892667,896113,28225,862858
208,864627,262178,568329,931912,143359,282681,247691,625458,570989,7607,841497,539862
209,153000,948798,958511,410256,479079,135101,889597,332420,54593,263317,151292,533359
210,207037,1038421,682844,231077,701403,600827,930152,309378,296804,378158,941342,827073
211,463925,410862,477786,543465,723646,779623,502361,1024743,540665,443695,81497,631095
212,865939,470679,150437,224228,37643,593650,207299,921081,116064,960400,905381,434211
213,615272,49306,326432,233902,682535,332181,485630,643644,547228,1003887,249597,735524
214,96206,242217,181420,171040,130428,824100,699010,858801,1008676,871756,566134,341018
215,90599,185142,787947,425320,657704,691830,590716,179347,146817,417167,292147,174749
216,965660,637305,1015353,911175,979031,445631,107509,432054,530389,1020095,820770,516005
217,553332,333942,697346,259796,437829,162526,551859,435167,286787,796314,519269,864880
218,239114,184069,633758,153761,833456,305000,121881,171270,476581,315119,1025628,373629
219,281586,228849,945824,390290,699053,298637,834455,778581,427327,512121,51116,992746
220,1029186,736356,498387,758857,316337,276154,848707,449009,116225,89892,90306,628431
221,738720,698627,675853,1037154,360931,1009977,287040,125339,631495,133728,890004,157563
222,657528,151485,214861,155564,653695,408868,552744,764764,728898,781948,242075,1033179
223,619910,560571,529782,73583,820736,605277,1009854,726009,561528,752278,4265,372544
224,924733,384827,827111,1034545,159335,229417,95387,677018,471579,339609,571688,767595
225,18730,829936,292265,635162,120402,924766,679977,130490,435412,626564,262824,183162
226,64570,469985,913510,126913,323083,50727,83461,754977,838774,179453,906893,877381
227,810760,33040,778509,766424,599288,336766,385601,476112,256411,17504,1035425,31629
228,923615,1000336,159448,197116,185699,653360,926747,596677,342308,378280,981627,949893
229,627152,883806,488289,150133,1004087,67873,16856,968290,78745,936544,171772,220752
230,990274,367068,833765,739873,288808,886921,166415,52349,987539,558746,771337,644342
231,671233,675399,686133,110799,536420,830684,535784,489344,294845,740994,803208,415128
232,142321,523309,91595,862967,301319,533073,727640,988842,463986,582678,628656,213564
233,23450,448790,669944,355843,567440,332763,1002723,623431,273928,802520,148480,229720
234,733353,872852,769705,35742,475313,510210,885831,778049,535912,253660,276310,562298
235,287031,256774,268370,42297,425032,278225,235623,728809,730787,750964,351800,205809
236,937345,353642,965147,640884,162331,939463,429171,404752,115053,481386,888288,738615
237,169296,993490,1004513,268316,404209,288553,315561,264188,771041,208206,609191,260418
238,990022,732175,823609,286412,297226,455521,308679,426134,700176,915612,232619,865018
239,12372,770971,90527,552907,77190,296692,720005,389636,30968,342844,241473,691828
240,405385,334988,436238,650394,537977,775132,145733,341727,529952,806465,900238,240859
241,52735,206189,296869,288606,693275,240879,3865,614858,454375,385126,918434,891104
242,874878,335620,744508,509674,48284,101660,1047343,418190,618334,130084,914580,533640
243,225802,115684,346295,332064,204630,387487,197913,755896,291526,107066,453946,651975
244,733343,82445,930228,255691,25499,409305,133890,638449,840806,730190,1014598,943651
245,618973,1018150,964881,974982,447256,400265,806231,632706,157764,563354,472193,968350
246,51097,101513,748611,703377,946333,889518,647622,666639,898208,658182,398871,184885
247,975097,352673,661424,673984,484298,918432,537325,956378,1022123,194565,1000374,254301
248,47185,43105,144125,507972,529855,965842,3615,992018,132312,1036896,277446,966968
249,413705,488033,816540,942234,488517,872442,333759,741852,812064,258829,476948,607705
250,102228,323622,178913,796865,720939,242462,715922,200935,866412,521822,944165,669828
251,754169,148973,637453,179601,989306,1017703,481849,359843,829784,72699,762697,377304
252,151109,451571,832167,36533,876674,515958,265854,262287,239321,838412,791686,945214
253,473804,453149,667598,230876,499471,332195,452844,483301,422214,439398,917428,212177
254,74706,692895,76461,798493,502281,257353,325600,823609,488358,533386,854351,304351
255,459770,1004823,478548,500411,989839,794527,925576,606469,241876,506661,43886,355558
256,95919,557363,830172,193244,684711,841058,767915,197696,28423,301949,916286,600647
257,665416,105699,1009253,961140,917570,348305,130253,883005,1016758,354170,1010154,22441
258,312878,612230,959143,486777,211249,1016671,370371,676851,575713,377189,901969,534403
259,700094,482849,1036904,1045153,677020,213610,120580,388595,796227,55690,884867,654213
260,954219,970362,958625,236790,659338,947107,405401,917462,63454,219118,1031409,353117
261,998653,907207,789394,903633,101685,744409,206499,1019668,383443,950838,760260,290890
262,676386,599325,984249,213925,948790,167676,848336,199512,27103,719306,105090,168530
263,249321,629512,927996,957148,167161,223031,254951,731046,180818,1026600,632863,478609
264,380381,738323,243164,592836,778245,844786,241559,54349,489584,157812,219217,887950
265,209520,840613,345006,535215,47988,2828,130634,409612,787694,839679,504562,296330
266,714382,745222,344758,34372,108623,581176,476704,637391,126573,767196,337273,848481
267,743675,443950,962597,1035416,241853,419860,506253,514169,189410,731981,167028,565213
268,626451,312500,997585,246283,294091,128062,557656,121106,940854,634005,993597,795609
269,20061,665110,711532,112538,313445,347626,879219,626080,1046188,815135,979937,85252
270,98624,1038241,256049,135912,422539,920209,129972,431543,382743,957474,49981,794266
271,401192,527375,604775,325598,523243,948789,464686,723808,395878,344984,464790,835778
272,687215,853218,646372,854368,392284,773715,548440,546290,989601,3674,685122,232784
273,60175,1038765,26579,515296,1039975,866193,576278,974968,627334,877375,854825,780571
274,115078,921715,782601,385993,718722,98929,944350,755072,365677,449283,582627,701735
275,625507,427975,57487,781251,948745,706438,58935,852489,496218,170388,64716,462984
276,1022954,945930,412567,719737,1032822,490392,130301,611528,85521,547927,52988,712498
277,194038,449947,305095,392276,497824,335726,328933,467073,378867,689356,267433,35417
278,44697,268928,535865,202930,698631,974958,690966,601796,18644,590492,958573,64939
279,600589,378319,750958,774923,150386,250052,1000716,659123,892758,751272,1000931,41911
280,886542,847069,678008,781260,510736,753247,820352,135476,145247,367956,545579,605722
281,941444,1032488,121189,299251,195401,648220,834022,827924,812272,92489,504575,546107
282,955605,271266,670094,329541,881310,614983,6246,846620,491735,352938,205434,397988
283,903710,759677,57315,682005,952859,282185,775078,779499,306932,579368,83814,937097
284,533248,427188,866757,29080,783750,500303,150436,181659,221165,10060,253485,617046
285,746183,777398,445060,285969,692900,234016,664712,366049,974082,202464,20409,85107
286,782172,772380,725560,965833,897422,474212,307022,873029,396381,603385,711118,856371
287,667580,416766,898739,337177,90963,180945,315111,269174,840009,608912,349026,248059
288,532037,520028,708566,620427,351209,371854,501217,493770,145313,964468,610623,50877
289,541703,665743,738554,176568,75030,25108,61568,17965,1039869,64700,94965,613727
290,498053,359084,468742,930547,402196,67540,608296,372312,98545,229725,318114,182653
291,459830,531055,166699,992676,143580,1031273,432395,117323,770393,189548,220895,50402
292,316802,998934,392648,355979,946159,796678,106808,724568,331238,981472,322252,1021354
293,767683,739873,1047486,321002,454063,638826,580046,663264,23359,780688,764728,1024633
294,67860,948563,75015,801811,474682,330811,752530,879920,793251,693295,805147,640181
295,742977,103861,733321,446279,143333,587760,24591,348927,451917,937362,195315,820293
296,7553,593629,950915,177451,596894,895019,473550,251485,597194,116269,864783,904670
297,795878,1020362,80201,858169,729226,668110,796929,360714,869084,1029026,279842,356959
298,262848,57697,1014727,404387,944260,1035890,50351,270620,451417,164273,110776,438522
299,233694,284608,698349,305575,716635,467979,207965,830504,951975,707978,290650,938254
300,410820,196447,437609,121087,480551,877076,724386,480087,769696,760966,650037,343435
301,93277,806821,796639,687627,374730,943326,586733,277081,545877,673110,1010600,532682
302,564019,478823,386492,525543,754097,630625,402254,562190,543659,926378,670436,45171
303,167703,589739,990636,352709,40074,1015524,118627,908174,602650,119830,753471,13450
304,49627,636766,299763,945272,68192,397495,745855,970080,1018783,90811,177432,662753
305,556208,177455,153453,947470,815644,486538,623816,332150,840489,219466,185836,160403
306,335158,383160,982038,676160,683599,7178,250328,431936,498028,766804,508042,823248
307,274419,945096,1003920,233626,386934,828297,574199,787541,83235,377547,99891,858200
308,255961,1021538,8188,472865,51606,618049,166206,669857,458882,555552,710179,857071
309,991487,677063,734532,919560,612431,492521,956900,272300,626042,878782,1027022,899022
310,489175,45494,240338,873369,879397,586385,1030339,173248,193674,1043877,855383,899931
311,551127,245634,920065,290117,302321,260267,715276,482673,165985,642732,497008,510864
312,816193,879724,833317,189600,771758,378764,13621,228867,959553,156546,342754,791877
313,375643,948065,700216,127054,714826,926376,506765,121802,995800,469292,156413,1022867
314,532499,644593,92903,52512,11332,781945,116276,814863,391373,47496,150987,384299
315,672977,462499,16865,990449,27122,236498,420008,1037772,150549,480750,960794,156921
316,184309,435474,936558,380862,166195,770712,492696,649922,721352,361054,1021968,626499
317,797991,381286,1000873,96260,1009843,217658,68373,940164,652603,676743,739757,377848
318,609402,495256,791826,417162,452814,525781,363412,544119,34201,291714,346134,1044674
319,234431,487381,716701,980027,394673,759535,802542,852124,68291,386673,203055,220535
320,769398,625753,233610,240703,670812,838564,672020,918685,247580,745199,737914,564587
321,337817,179145,271603,436328,474098,259563,1015318,700899,264114,971433,50914,666850
322,188101,916759,702913,287498,248513,409430,467480,548471,244589,706467,683668,722905
323,13731,295782,385788,153999,486122,800070,111057,1034788,572220,242635,810201,477871
324,861632,499337,137544,412432,1027252,285154,239006,407568,930272,801548,995897,300075
325,335069,939602,573275,986734,396377,599329,328970,886383,667439,252366,143216,10937
326,7922,455008,499427,934413,575417,662896,794033,922166,231645,484624,13402,903260
327,1002550,1025479,46504,7290,492949,475726,529495,394775,314328,48783,598109,588480
328,601901,337151,704070,685347,856278,962054,1009273,543152,474073,474941,128111,914207
329,697222,202859,399644,931854,582218,267867,853226,105319,907015,153411,73105,657015
330,919808,83520,707132,251253,325392,442885,637023,481846,930631,238822,204086,1042186
331,304760,907098,422588,977697,468683,936756,580471,642892,802667,927650,491,752677
332,867769,893093,66754,892809,567683,661895,185673,727104,911898,207902,296562,588602
333,918569,545169,882173,328496,40441,528441,738465,479657,21467,924582,739811,450954
334,1034279,605454,482757,689193,877797,561588,131672,207950,221982,951081,641122,83639
335,482976,426729,162355,220573,90439,212184,110737,308885,1043503,960461,581479,248827
336,421927,112117,665201,886792,311053,890744,363985,859418,374840,45662,530788,267705
337,864114,681806,82231,837257,174579,437339,173266,525412,266427,38844,179531,418032
338,233941,293826,112969,661196,1016972,46318,582607,892027,229425,770158,446581,368977
339,734225,819639,113139,91290,907801,194801,37544,497453,526800,469160,433922,337607
340,349199,949437,648319,836239,473036,390252,47160,171812,540455,837585,143498,1037294
341,5658,14937,456059,729333,640560,528962,393786,91584,234685,879086,493682,425665
342,632742,963151,178705,458715,842149,346421,60832,123670,994960,381212,128052,880871
343,123166,478995,990946,696887,21326,822101,425960,547328,289639,1006711,799714,522144
344,383455,505614,826174,615348,81048,1012301,774743,953633,209482,362253,163227,321265
345,787887,420684,955035,104396,867939,314269,825045,207449,277640,991076,1040650,549275
346,959675,1040306,187296,928134,356096,673617,790836,426764,542444,632864,417554,305130
347,398279,1012988,27668,622985,735377,752525,970553,166420,625694,808529,487190,808730
348,159087,916353,337008,533224,734761,36640,410356,426730,191335,731846,1012104,895008
349,1046868,388749,101353,259830,983993,957353,997934,1017347,421532,653827,645909,965538
350,826201,864960,877167,683023,308205,57093,235452,944834,484830,167634,470827,1012032
351,558265,1026972,388484,875753,115392,425494,941977,869787,780665,331216,577687,423804
352,855957,54894,363135,451035,394496,331108,305374,913136,1004847,777924,356431,869141
353,420394,105371,511208,76895,204178,1011992,319256,700743,929788,433140,827475,524880
354,629942,955206,626148,809824,1042903,254707,63875,681874,360964,620335,621196,1001943
355,825418,371880,721084,63487,683794,340336,686157,828404,228949,579182,855112,402117
356,968180,832965,928507,434465,178013,798466,567744,1016837,505885,4554,623042,123559
357,807735,622663,810849,48283,95879,747286,822589,421034,434672,844791,1029387,434297
358,927382,834603,894433,697366,727834,829514,532206,643335,757841,404666,840204,975605
359,658325,340768,504110,418268,859025,315305,800014,561379,338901,830269,728262,827111
360,178646,393334,143082,836640,462045,441090,239144,836132,797864,187764,240467,609246
361,518413,930394,643369,122195,270293,478869,778778,755440,272573,360540,109904,3490
362,554137,919803,352141,27839,559825,258416,824281,713948,871371,778108,193115,883265
363,161109,669832,512723,906117,132086,335114,76840,786076,768048,155982,399994,75637
364,220284,5081,861319,377800,928196,442709,641893,973559,537183,600512,134720,655825
365,836675,621941,888824,646201,42917,513360,938869,171137,710980,490665,949097,36679
366,726095,325461,208432,997355,932183,1016316,328062,92293,407167,909370,399339,629213
367,49044,467375,133168,201141,842963,314987,776778,509216,681180,290038,150664,822520
368,240949,927481,152807,606761,139644,40799,87230,394268,89339,675246,323633,387116
369,256376,995885,344710,340816,412708,501499,430936,98480,1040782,151059,71303,253766
370,356483,328286,939319,621722,811585,745818,920340,227327,321384,304971,374789,961845
371,735246,721105,822303,79004,517329,36393,1047356,176564,417498,162430,955596,360512
372,657564,33690,760820,882073,711864,467033,981010,915944,180048,464321,1030332,417297
373,428678,512670,562913,673762,2058,27670,412767,768223,1043264,469550,509180,994955
374,585551,260496,433834,881332,173435,14435,752365,902517,946916,869890,42571,659455
375,266748,230962,1002406,547641,514449,857944,274976,179883,268991,166986,302527,366580
376,516419,453642,464304,742593,237117,315086,302231,1005066,520939,150904,1002517,27740
377,60121,449982,99151,786240,41042,438351,407706,894027,784195,667018,881225,556658
378,145877,1041224,805109,148626,36881,378958,593581,44723,501819,57909,400633,697906
379,707701,54289,291978,38097,408488,51095,347594,69740,356335,812837,474802,400374
380,304275,832292,750858,631215,754209,386076,375979,672508,157032,446222,11284,307913
381,26068,484995,258645,260204,109452,200556,704739,1009259,46676,152766,72851,650818
382,372399,691436,641643,69584,625516,596999,229130,42767,203257,853021,954878,545080
383,462467,401274,708432,500804,4425,515263,991082,60407,6834,255982,915053,13860
384,398472,212937,530011,641335,28641,398085,504200,869163,468773,740978,1036168,210033
385,839861,299570,585924,897063,668131,708846,630250,556546,835139,469265,4987,166395
386,331235,719776,599898,855807,139784,74431,560599,654997,199557,9493,240057,858331
387,207880,550799,635647,496193,367658,128722,828479,442367,756244,13842,616043,503730
388,406893,251572,442722,491258,462001,283413,88858,915819,613878,362857,690471,11837
389,1018679,177344,559441,12840,268429,507213,386122,678555,463917,375631,419671,789212
390,196417,724926,355894,182309,263306,112311,1020496,461783,935208,871061,948354,680272
391,785044,226383,428978,920251,846785,456584,525181,877316,136013,804126,99551,100967
392,855954,175730,531851,475063,676007,22717,406667,497193,323268,302131,709135,487035
393,336659,631069,571098,118485,819498,146885,815261,376148,841906,996839,947471,199149
394,546608,252689,102140,1022712,407948,354748,331016,579533,198078,1025090,637846,210089
395,574962,559112,465241,593003,918806,396111,158911,736489,83252,698277,847054,154662
396,864234,207609,1030490,342699,621261,530383,978163,169471,506109,551062,188414,728182
397,150634,373160,508828,825224,848034,611586,807983,348844,344282,310664,269185,705512
398,994833,559674,60507,179222,279142,933407,50352,886636,1014171,130885,249976,125654
399,841475,922507,1048511,402881,6165,468937,817856,334399,450884,498602,355045,315298
400,832678,300500,420130,424985,262755,702336,541342,88211,879998,54091,722176,615636
401,159415,378935,124413,66573,103186,223019,350334,596074,688330,52693,808298,618510
402,443236,829794,378484,652023,633600,247553,468876,694231,52455,235584,935205,1008758
403,190375,163986,774502,670589,517472,449312,855444,859848,934834,609593,305692,21387
404,552440,945068,681417,288345,655523,606818,927002,487179,7726,1031292,33879,810310
405,783281,583791,1006714,631318,151813,662665,519127,624860,389477,761617,335488,504504
406,793428,753379,141824,471925,575556,367942,916323,132215,729898,463302,602595,907968
407,468052,765197,713938,524887,673959,467824,325513,308791,768911,1040938,21555,1038694
408,928499,887816,785251,961705,426814,37985,517229,622092,395345,99638,323918,54689
409,823308,883647,484431,512419,761042,406209,433258,141049,14977,647706,405059,289448
410,526603,415362,996697,122290,552908,1031556,554674,430167,737118,56766,312776,859150
411,118191,540988,833538,224063,927726,650852,40245,474956,211290,201993,17427,78385
412,24367,887354,1043793,109484,278547,974999,234314,232054,988055,531981,262431,367411
413,557627,623190,152291,582659,552226,268703,272579,581092,242875,337928,686352,810714
414,22027,51782,661783,901627,906937,947284,971435,954204,552469,398772,1042576,131368
415,332885,332482,351507,948547,688895,538762,516498,514522,1037437,82824,151471,367874
416,107885,101917,669889,879623,321130,443069,1001436,603327,339138,507550,947693,48324
417,238618,803079,730195,723733,659401,444624,793951,13812,952659,298672,932553,138098
418,1007470,424834,297022,160682,606025,1041901,193675,192514,864550,728622,1044653,880763
419,1017869,319815,835050,591294,160108,168275,219944,300518,650937,998201,579826,798995
420,111168,738484,440745,201636,248249,1019749,333718,78954,783166,733920,891533,1028328
421,662232,733956,331383,44162,79149,920929,418243,466151,103081,558482,703918,401640
422,652870,502971,819667,806051,372019,785318,382876,397938,766963,612584,211883,461851
423,420614,1001677,711885,102779,987215,264735,650072,1238,611434,448614,632625,869092
424,256091,438154,58294,190712,5713,755399,352160,644549,490398,245242,496798,736297
425,74074,186362,326858,158679,897587,1010256,995837,580365,36191,567681,842973,356262
426,1021961,854385,947164,671707,240058,701425,610690,904887,37176,341872,121686,703751
427,902900,649065,691393,92119,368470,874217,545830,665211,1006952,274458,424844,401838
428,256815,894557,810418,679790,272868,581751,703698,47853,557338,1038525,847867,565381
429,729717,712725,563183,269494,637210,437448,645319,62512,496088,11148,364507,225381
430,475379,535174,601916,680599,299675,506472,443503,9031,62215,391552,527686,673570
431,559237,266849,70573,885525,742457,753220,815924,892046,109715,727489,298039,57917
432,602266,159538,645846,681852,378898,976391,397920,470535,966518,207400,434681,808117
433,900971,796277,803434,6686,778369,488856,562164,558075,60686,532729,110557,345636
434,703490,192932,653443,968156,779212,261556,92133,409514,965438,30180,577363,690178
435,370817,527601,73353,735080,591336,64616,28089,420046,645285,411033,107344,905985
436,912212,830076,317034,147729,725188,574883,683690,18164,865490,592951,87807,71516
437,378224,615781,605421,5253,1000457,48515,1741,304036,158885,458373,600282,335145
438,92797,76862,902421,606994,333942,607919,226803,303919,396165,738293,1005389,378016
439,897461,844827,7648,391899,1013072,607022,602838,680996,915259,129706,628554,589358
440,952540,287904,941336,805919,543049,545931,960825,527638,946926,917164,900956,448256
441,752041,694764,79653,745510,935918,757783,686374,733803,826915,397607,227411,648537
442,432605,665486,297665,683984,291747,378376,931973,424177,385882,184529,1011959,162632
443,880321,850867,855206,973834,835982,414627,108314,663553,106736,423183,83721,309844
444,101218,380265,897104,722422,1037492,279984,80274,160157,1034140,643643,190209,703613
445,634290,243497,701655,468124,180279,728877,913880,307449,59241,361059,954506,582309
446,171172,915350,557567,504273,529896,470828,848107,640064,783564,69753,160024,508271
447,957182,1064,335559,515491,615113,722161,263797,654378,895796,502486,444747,500838
448,94636,528905,821010,989789,630158,37358,371663,855312,356709,159942,403319,128219
449,307913,1016704,727666,90706,172913,171460,1029262,770137,695206,753506,172594,608285
450,601768,534074,880295,1014900,227940,287265,443602,406882,218087,6529,716309,733595
451,567565,562963,123675,276877,373751,439570,536251,982864,470579,864778,401910,363933
452,69915,226011,652227,553004,110048,777636,672097,385809,42933,957310,513426,968881
453,120828,901734,191255,132014,1035165,664877,684197,19692,1002268,579541,145501,307631
454,952830,929644,774442,182284,939591,611999,604253,624730,413792,61191,99051,975470
455,143712,32857,739184,632642,735687,272070,1006840,845496,163640,651017,349321,569801
456,1006397,176312,402431,215,1008319,911887,812994,472850,984898,928141,972391,796730
457,198880,274747,329514,823411,747272,781689,270318,871969,629475,396430,767935,26766
458,411708,778330,496920,268260,444317,1014683,901883,1022606,870785,165492,234562,94274
459,616287,70440,156028,477693,286712,961785,493431,624831,689684,856900,568272,982138
460,555785,43396,984985,184117,708756,549021,213443,346744,95774,54624,16316,6530
461,792978,292526,883865,507010,882464,634073,1026256,474260,979278,293685,203260,852016
462,776265,889060,541257,27885,73725,1012546,723214,396466,246585,655398,761330,906636
463,148555,392247,874747,227519,193470,817980,505364,172403,688107,839145,881581,301190
464,25235,898627,640806,488598,837643,157700,589344,1037700,248639,910015,976951,644442
465,714905,498131,539713,771999,92674,394792,474888,160935,126480,185980,992831,689547
466,24811,605658,30510,950888,337522,974336,747342,107787,26960,683955,1022593,875790
467,679908,21184,728772,250024,66701,129145,409151,398331,749512,434034,550747,548685
468,185633,886023,265154,411706,89168,970581,968724,517501,91889,712533,652062,188299
469,651064,956252,569712,140718,160362,825686,734347,447145,422617,330774,116661,199267
470,273805,561013,149880,1042553,883222,284943,752992,582255,46874,164948,742123,1045281
471,122199,566891,133940,445321,619424,241885,162257,282616,791442,75268,529607,283805
472,578644,364604,236579,152303,293588,831810,93202,858970,541293,927644,247530,308129
473,39918,944890,1041445,1017309,981560,254626,345186,49117,34501,637826,158683,565833
474,1007013,264566,325885,361723,295319,51395,611548,946563,508628,62015,954642,551405
475,950573,374249,909178,264344,111263,97060,307123,24203,1036652,721529,739799,805422
476,606739,488410,944425,352560,655058,342617,424724,165758,911002,74500,306541,763018
477,727196,601034,126006,626349,219748,1034328,521143,995078,256251,209155,818735,698827
478,69509,44759,884872,508370,695565,929823,695889,992970,360352,364360,1017491,780189
479,500099,17056,579361,722893,576713,245828,161242,873603,598055,498788,252133,555518
480,106221,333171,134169,464366,83702,762149,838548,36095,536899,660494,100519,44624
481,458393,9196,729280,525905,130914,843422,235195,243768,395219,898273,465770,1004414
482,68409,280570,371336,661226,631329,675676,198997,736544,353274,412038,869135,64972
483,29130,213418,895081,142248,296095,1038656,416741,171708,361759,786743,14117,618022
484,911082,704874,507251,952536,826502,396978,396769,504530,446594,405370,746953,478416
485,348875,62340,781936,270090,31723,504341,780512,550200,964854,488035,400718,784149
486,878787,438450,868799,135404,96634,640624,172526,638502,380578,753133,827002,901358
487,1024527,148617,996249,614072,465450,941631,965089,526226,843954,4601,935978,794557
488,74962,430150,362814,584726,284693,254434,834316,896082,603455,350630,389739,843198
489,667014,164231,81097,852436,903553,221432,17365,995550,680353,827426,1000577,856521
490,407469,390852,641217,789879,560677,421105,885975,813763,503883,344303,273825,529949
491,901570,1019352,311911,866620,947630,650146,5456,631086,201287,528079,559331,892355
492,129593,629388,807633,267217,98392,995611,279365,771187,950842,140104,67835,570806
493,1014021,188476,519407,1041767,444642,607134,400494,609957,939364,971690,277288,465020
494,346075,114206,317387,552832,508029,1044427,882590,589509,336556,845189,642710,907978
495,536570,1044015,667403,332242,253879,1002512,680111,319061,539293,338901,896497,122167
496,859816,776739,603141,998564,187878,1008885,629561,689640,183299,181381,565376,1014261
497,527442,381653,581055,818202,959726,836860,702621,33005,345533,169060,882457,818999
498,358662,807758,29150,423515,700338,559177,485147,535808,814411,317321,883200,316970
499,686124,96101,200345,2196,931018,448859,543384,273858,1016373,822769,861588,311945
500,96201,59496,767238,752829,463019,794712,17151,188632,132469,671667,780576,14820
501,780975,756483,844534,945890,489900,92426,13866,298026,746437,392616,530476,589235
502,730063,906268,846748,772686,269740,7447,389102,367870,540390,426980,198793,253110
503,152006,792662,683391,764704,325112,291789,65039,903247,519205,691149,625749,134888
504,97651,805937,443326,602067,771421,448194,1035614,748311,337603,514181,820869,386497
505,31988,149360,454211,948523,179265,138739,287616,190655,675780,712214,221837,568039
506,547821,699785,768171,121775,737408,1024689,326991,451106,369792,791996,875737,271051
507,86557,544196,367728,223266,135135,715628,674166,714089,662180,828302,4586,109042
508,220315,928932,242002,611242,10711,960071,496000,286853,244575,994145,236235,932563
509,485589,281559,329665,1026035,354966,209486,77957,376677,446671,1022030,923445,154705
510,492816,559095,314151,138626,21635,230881,336550,300149,244824,428048,548554,838504
511,347134,959292,265735,279540,558786,954090,181458,364929,159579,434492,935682,388437
512,225808,527348,171505,993346,338870,858822,124515,948994,1035926,661521,789915,525580
513,530942,695467,263909,406710,640931,499878,700387,1045385,229776,875111,401080,481442
514,930149,1031315,92655,959908,57486,363092,990083,46905,742788,601941,626214,436285
515,690522,825173,198604,729636,94091,26369,332918,972911,961113,282996,501969,289705
516,103331,1016549,182014,756605,992776,458391,704024,732303,644461,606434,43175,824164
517,545746,201332,132876,979591,846913,894252,501069,418386,956633,481844,643582,2520
518,898802,829819,1021903,781297,153153,913211,227658,645771,504425,889702,634286,531161
519,397564,18219,953923,1008980,678726,403155,398002,871028,384972,145354,255079,921533
520,497285,933788,534296,219563,600112,41977,181739,1024439,1039885,180684,802070,349835
521,235752,579813,424286,718560,33955,696519,840053,905845,627843,165173,10380,1023001
522,111607,591497,583922,969105,766158,497033,595163,777131,906493,648696,273372,570449
523,277562,408420,374742,751716,871388,961320,1038654,432473,398947,784133,1035893,636829
524,630784,583796,109496,327943,977930,704627,194585,1038330,892312,954349,925440,950433
525,446994,405527,872245,334582,373924,924466,213867,442088,776579,596690,70579,256377
526,561317,1014730,834647,670464,834764,170211,197811,745831,57835,639355,715901,651549
527,815663,913376,610522,768963,755409,396363,531494,737237,812429,382960,551531,410997
528,741504,589786,329327,164725,614706,421597,371828,29191,882839,417506,613135,438525
529,505967,631422,649603,452936,871452,241588,83805,885316,913692,518712,888654,685251
530,381096,97102,479929,738064,586276,654940,381830,50400,282143,480688,808443,823516
531,585980,905007,993646,296525,366278,1006159,948018,91265,782626,620738,348510,367746
532,992148,1044857,61940,784084,190160,426002,1026765,760072,338887,194769,277748,71489
533,954990,530429,462952,551689,337658,143713,1006068,627300,697804,529741,39419,152533
534,49385,597574,1030319,198328,277208,681701,402701,81673,139167,344492,772830,181342
535,822791,176351,390691,570323,1013892,191336,83198,727505,679417,242255,302116,324334
536,818093,679058,377600,998620,49015,913979,262158,769058,1047717,787479,32312,926984
537,379823,808188,39787,75452,372324,915957,418454,75664,450261,646077,927557,798147
538,1045061,220022,997490,1006781,495253,85734,505318,735936,125346,59938,433286,473053
539,636864,826895,358792,280176,142024,691536,464989,691816,742130,102198,34346,418190
540,324890,874678,627556,823476,618624,838788,562476,524170,319621,434709,782059,173575
541,763449,64512,951195,553788,48913,339116,229768,663502,181589,62605,537649,199244
542,824536,877900,486553,362237,954958,777308,355002,365642,423525,783998,52228,107696
543,849118,236153,764016,427964,100006,473635,778729,5607,966150,536779,863387,608752
544,281449,154989,29639,153993,240085,790838,595000,381847,216823,406034,660628,955640
545,937721,884038,958885,782908,1043417,47502,689770,45559,522965,383053,916966,410130
546,92217,804570,1019823,6394,651680,965934,219617,805570,180297,908583,947140,511593
547,710701,882172,735127,274043,592997,873545,360620,108835,958523,844216,258193,592273
548,766040,689129,807399,166743,473734,567939,188318,421436,172738,366603,779572,943244
549,164983,154638,315842,41765,409436,968578,679088,280226,1004665,733653,457228,751368
550,390002,1005751,455189,967851,696407,544380,875555,520975,821008,814846,337773,295900
551,263822,948683,627467,492506,224022,60514,506256,885134,659717,877763,633495,1010421
552,470097,557984,36265,114675,553502,314513,199743,670896,232752,619169,115875,1036721
553,543278,623728,736556,849945,746167,207127,857397,753624,701278,1020059,250821,265553
554,39481,164916,614529,611810,512029,613773,779223,946539,987140,767943,667356,766616
555,480089,474351,159370,612240,751387,798646,808458,421280,906332,997221,191432,165672
556,247447,620507,1003170,681205,742728,26061,340569,390040,598572,827082,297192,693299
557,348851,414582,415994,770285,260415,118019,119674,541475,825965,778173,481246,185178
558,901852,434396,146731,364979,741537,473136,943503,655241,227661,550728,623049,776491
559,582933,1033846,159789,437122,620691,788836,878390,80747,145485,204488,1019859,58347
560,269396,225521,213804,474744,153937,706439,229095,387868,504299,597912,486027,259272
561,7710,956057,27968,647874,505454,738087,167212,188133,801033,50813,373341,670033
562,1010068,221517,707470,382401,511084,416373,476071,439049,846169,262802,345540,772850
563,171264,48478,740825,601553,71367,422401,381850,843141,855669,747503,214611,465906
564,120694,877655,240028,45424,405565,557520,919528,1009236,491150,938170,571843,571567
565,400381,530936,824417,893614,113408,516425,501972,150678,710038,581047,250129,112130
566,905116,54550,682957,798604,688184,415818,433783,606097,689307,863675,200521,716329
567,750445,670586,576534,407072,819981,427804,94174,889908,780785,342293,808328,983058
568,89248,795357,962865,337537,793233,939861,707216,220724,1048039,150811,752193,410127
569,957679,103944,946941,535814,893792,41888,363617,957467,912668,1040536,1022453,126087
570,720070,917167,909272,452525,557973,839067,350071,1005278,248276,604788,1039281,175514
571,191043,246369,812474,416142,987686,325247,591386,558266,1021071,456249,765314,227677
572,105696,523964,784260,35750,78585,40040,716934,872852,137928,959288,589861,172231
573,64953,342294,607280,600152,1000414,495357,726950,141986,364764,592988,762181,585981
574,451800,222801,165408,271484,423000,399743,749274,334520,874323,972598,332875,366617
575,312050,484431,156468,116358,742926,79926,924336,385883,42593,879176,857003,1027443
576,383430,835213,79964,364939,886321,885771,600016,84344,434985,968158,929108,414819
577,685406,887137,1010684,547174,682329,219516,411878,903092,1006185,945631,88075,726729
578,71729,25954,616129,306962,398477,281242,989969,741755,301647,963995,301749,767897
579,99212,943781,128245,249063,590982,856543,611738,466620,591272,273428,482517,11897
580,1000017,781445,889110,510649,639138,920039,219406,824072,715402,615853,811079,494099
581,187201,664517,229691,789663,185770,688136,1000448,78963,849251,816786,632804,1013793
582,1000915,138532,1020861,931432,704014,482734,61579,1004192,346669,313855,486191,429818
583,918420,543923,191648,962027,1022296,684397,387591,1014102,1043292,310723,36143,184357
584,779356,78990,846889,929849,297821,485981,483626,529216,121366,785049,221135,395974
585,520660,515945,1041759,221260,949393,106338,852702,782142,627824,805309,332811,800501
586,635645,353059,617957,667342,905501,404722,463090,620634,588257,367019,1028659,227036
587,309469,542875,938822,1023790,419900,677975,633094,285666,554864,406891,394322,527369
588,851322,757528,912124,980458,629492,838747,593948,533286,180239,931734,274112,216301
589,180828,588684,324812,541973,67224,430916,1010140,225689,644295,397104,1034529,532130
590,539004,685298,710397,517996,867754,907578,513251,148689,159245,545048,803994,932267
591,270345,291222,175068,814079,363540,1007932,702717,283700,853684,66089,697505,305895
592,309361,964836,342623,1012102,215103,910763,433931,447597,438073,949722,84610,775914
593,213648,45384,729127,893126,152438,330926,31650,429684,533995,1047073,1859,402916
594,1039452,1047524,385139,587463,418663,770186,575476,905537,724903,252447,484190,430735
595,201165,750742,247106,332666,548781,1026249,104070,105931,129846,462384,973230,271361
596,444759,713719,258141,283607,641716,275083,310000,82975,541407,456596,93962,102516
597,462649,529219,512679,134569,718393,333024,487143,607371,998086,892548,267700,22352
598,802081,673163,751681,352076,488838,557684,989717,574448,431409,87378,522486,143724
599,820254,970831,5541,652337,489687,348368,702918,115467,1006831,682079,532393,178936
600,425444,986382,547237,27564,934828,266358,912304,518773,364538,405374,274537,848621
601,28382,835864,433095,35544,860382,161210,321786,1022671,339485,162435,977388,646602
602,706579,646750,262917,392842,442077,343764,136473,177287,135350,933849,418654,441452
603,258086,883119,23350,423031,975710,371578,950132,786683,721875,642450,1044961,1008429
604,532846,869488,387514,186923,378864,716631,792244,269312,418671,766203,586234,961819
605,461759,907301,349047,1018033,940378,297505,360629,299167,856486,627718,713560,36744
606,620352,622856,238381,1026897,45308,492097,191574,336544,508004,716236,543682,853828
607,934622,736381,983272,429491,505855,679652,511014,844266,404077,1037271,1078,985717
608,11581,332032,456505,447051,476814,244679,617705,949473,584537,686522,594583,270831
609,445260,696246,848070,878415,524965,716908,777711,217447,237136,373751,1047122,964658
610,453025,899498,232175,17978,159861,898837,31915,660471,641436,631199,366114,599827
611,925095,396648,523256,299240,593034,735402,897999,4454,166999,521067,1033572,772193
612,329520,480806,784959,653435,834683,142746,996440,982550,769176,275371,852927,932930
613,742623,293475,263045,261387,427265,215310,489407,484834,85427,413699,163622,276258
614,144693,344919,4866,262230,773893,908222,825488,500835,9007,512804,798737,207873
615,763357,883712,1028055,184959,959564,946397,401312,76734,1035855,155372,900014,157630
616,557474,115071,202760,13496,855074,303321,277836,109658,577482,350178,136543,342039
617,432566,225380,1045165,21077,82508,130087,961189,572682,169016,440782,316692,183976
618,200044,32879,127095,518435,363642,222309,705473,646318,66337,848696,132863,71639
619,431871,489603,938308,342275,850932,406500,676622,97017,106883,521887,1009507,394513
620,992338,987282,713680,809094,264388,843546,467939,392516,379946,175038,302498,206776
621,1003686,444402,93431,519680,482667,901137,904677,892876,476330,595759,731169,1041733
622,389032,243009,391366,421338,522158,1044688,938820,357479,389924,142926,1031246,898327
623,936130,818865,844279,444454,687184,179417,542169,769829,829294,919987,528114,636687
624,613252,669974,921127,167645,113223,79637,250772,543811,9250,1009448,832056,242359
625,544846,51961,97888,116661,510552,10864,563020,955395,942939,311345,694789,718435
626,809044,577679,480809,215736,191645,719409,706994,398272,624478,789733,310617,387345
627,424878,89851,8052,867070,314359,287195,973127,572975,104312,832731,606514,86099
628,226664,316872,327311,874880,411263,408823,617167,562031,945139,795961,224066,842339
629,1016758,105753,145995,258045,401027,658899,787520,602869,185902,730696,283705,812968
630,775232,628931,171649,1036883,531894,135079,271694,358617,362277,980812,792220,69260
631,699562,672897,639992,673131,993432,949751,636529,534988,28784,1013321,818997,649566
632,496507,698612,787059,670152,870675,969451,520648,864241,493202,408751,905168,598892
633,431904,507672,834362,891997,969463,706325,112128,327002,170147,142476,249547,287357
634,815125,853597,422964,755218,204661,678214,824465,408245,240804,987102,637760,88150
635,574353,894097,524837,396565,170326,745573,1024602,51357,156856,330659,19012,810485
636,613841,757608,198130,992434,66633,507173,851319,803290,575182,550406,11174,276186
637,786322,486375,171859,700045,256604,397301,69231,546187,606771,733964,412252,233224
638,1027675,482426,311331,394631,516936,969336,57932,444923,658706,7562,860232,183033
639,287610,544972,466862,145326,966947,83503,845847,808367,145469,747934,908967,664380
640,920797,98807,459900,237431,217331,986867,8474,779348,495688,424324,150543,885690
641,820279,497094,650130,821458,3987,586171,916239,358284,75225,714014,756561,128192
642,555785,341859,731976,228661,960466,826005,744749,391376,218142,673723,290361,654180
643,1008354,299591,18002,56093,179182,388482,507507,827188,556652,681073,254411,609917
644,657737,823967,252874,938954,735560,158143,632224,361302,989771,419827,92630,671719
645,829978,530088,375928,295780,659940,751514,339520,677163,72898,91289,896448,794901
646,729367,139215,548642,242513,342073,368384,64110,159609,45712,817308,9696,687337
647,289736,215750,96762,741600,593742,65212,171899,757088,816423,222835,691978,717551
648,877590,312137,191115,222580,727869,958598,26641,363953,306896,1048265,417522,1015068
649,955814,953824,45973,542828,747036,40025,507174,935344,766971,615856,480602,896557
650,64737,167072,623102,64194,490195,382733,473040,263694,893982,887418,177183,549690
651,218684,210788,1026014,251264,241503,675968,7071,740208,993012,646076,51668,795640
652,666470,599588,436905,397523,995554,114965,87772,301229,299869,964746,247995,437575
653,159031,165335,389586,66189,729614,251406,431375,8972,580967,302513,176249,681935
654,534747,574187,893762,863917,1013929,301193,42587,369952,288660,736700,157819,144542
655,823799,899463,899461,428478,182345,909921,727739,430305,414587,584695,200081,564187
656,401033,137764,358589,878902,68485,833030,729751,444209,218732,609936,703560,658743
657,483224,909370,907626,675558,574030,438852,929659,400882,565574,149661,929334,7194
658,15813,132613,307824,1004197,197180,512257,1041687,467235,564797,317689,655266,144251
659,421123,1045304,989631,717359,492312,16961,293206,739887,95111,522344,822040,100659
660,231349,767443,318329,111497,444317,398898,1041146,632568,664369,117547,91641,409735
661,237882,233656,1022821,692049,419038,434894,278121,528385,369457,731718,1002212,570053
662,295826,805135,356782,80006,854986,108893,72773,631538,207459,207119,581149,955511
663,1043188,511562,761121,145155,940710,114103,163920,645598,441859,636457,598078,32071
664,682434,219394,904946,338963,456664,222336,752397,629737,187909,276859,913405,121095
665,488375,596287,235351,109366,588119,785168,944081,62053,46687,281461,683008,794610
666,514398,554599,977186,261683,375656,323173,405521,328879,695053,438332,3137,759398
667,157928,732437,405774,929464,726717,780899,153243,634453,1045929,66668,569702,352481
668,195707,770473,78237,438489,799921,25819,788715,249031,886042,1042253,226842,19822
669,269853,365824,517463,891993,860176,659311,559507,614526,181077,157003,659523,186645
670,450781,426320,960255,301785,483942,963387,569226,55577,624272,115908,119865,506736
671,734252,917701,985878,133097,318746,270534,602365,791979,957813,439894,825131,334847
672,83543,967219,504377,973870,341738,76741,556905,909878,457788,887001,465687,392578
673,519803,651543,199451,879513,301420,220243,647037,362718,204046,1004240,484498,48783
674,745579,820273,268592,243049,671245,1004998,813625,542854,3371,65262,713858,885060
675,710693,747162,254328,10644,324801,109497,749507,456177,681585,539880,689299,801029
676,862064,76806,925878,505120,264111,471107,64709,296245,403509,105577,217283,1045830
677,177057,726998,738952,181685,355342,359271,397183,885981,774625,528884,71397,383566
678,405970,756794,180660,476605,189046,504267,933789,436440,832685,117563,340502,408632
679,944227,752081,938927,1035899,490822,282876,585830,823932,373986,854767,97309,842849
680,421027,658730,348915,463702,433071,298130,71852,744601,579056,63383,999484,991803
681,725797,192324,88953,595429,590399,291268,84490,501116,393519,573307,300291,699881
682,31661,247328,157359,219270,657019,331540,945553,651331,840165,23413,229942,1002190
683,944738,751172,447421,874648,122879,170101,1022916,1005975,347298,803918,184057,705207
684,933737,994656,341695,456345,986314,970628,727768,283389,560504,1036591,232873,742084
685,287612,417263,999893,105528,170387,674806,643393,426220,245358,954899,774628,369368
686,342742,647095,111836,663818,221059,763587,52415,190532,720942,392990,887678,399910
687,441864,555997,849338,541187,814951,442738,689732,366970,809486,431536,778919,984918
688,911313,935956,222239,182502,60590,591265,864025,996462,620178,191006,973001,635019
689,1266,72999,1012382,423458,454169,759965,514169,548539,129766,47231,85576,610901
690,241414,133691,395211,963685,730579,472758,136608,43322,890064,804777,541768,421218
691,642841,943213,720296,559971,115365,732768,829999,333496,453396,772188,1047327,219951
692,486949,1031824,845719,961591,695388,524947,933998,904541,772718,277969,137330,898540
693,521776,258823,403682,277583,683454,844156,97489,245390,518802,811027,949301,959035
694,564955,527300,589221,193701,637985,148143,701165,679121,267408,361610,802424,651390
695,205340,682566,290437,964180,708199,371653,719698,840605,875746,905475,27845,541086
696,908547,91877,880330,315785,501767,1007343,919947,913636,311559,123749,949714,138224
697,79320,590492,697452,93987,799845,880869,158935,483456,287946,633011,891092,620029
698,836578,239168,469575,945861,807386,61485,714602,332724,1041028,955977,254737,818327
699,256139,763837,133980,898731,693351,267502,150246,814772,938652,398020,831214,226269
700,634754,791342,732293,994205,989489,337275,797044,255229,942420,476696,314951,893015
701,825058,27116,315457,743860,432329,1008805,400765,254592,378880,578496,960027,659277
702,447505,959878,319409,962917,67379,452057,17027,349837,63971,34319,896082,510992
703,939434,34947,763550,59115,468593,412541,1001212,913178,757051,412877,812577,148447
704,997051,733788,1035938,980327,873871,197835,142264,766708,1021793,743060,839565,969066
705,357120,389394,769226,24958,708800,519470,658147,870640,866144,552356,412976,291510
706,600422,493281,198668,636009,462056,74120,1014630,510422,736933,339965,457274,393210
707,116795,606583,676539,836937,958985,979985,981696,434377,207712,362986,536737,402336
708,316357,807900,597756,983506,794,377319,1029707,446421,1014556,617102,339716,967358
709,29349,633281,960013,114371,338201,805905,765857,1012286,847144,425799,854627,261000
710,40896,254996,284027,423505,654761,947044,185702,599439,208167,505099,314332,234082
711,393831,302503,731996,682541,761193,685637,933845,284264,393694,445717,346693,889394
712,121774,284369,61565,527904,400100,705539,343979,840333,113572,351957,417983,518906
713,392843,579637,623366,553178,670563,703226,253505,211560,904377,552651,792330,911482
714,63156,398438,269463,149106,713449,354899,510975,917424,897834,389372,434484,206161
715,969272,740301,352265,192642,280304,446733,504273,322580,930271,236472,685562,150953
716,1032645,866019,617446,630349,383952,117927,715673,694095,720855,281671,839158,584879
717,911791,727857,174128,428461,348620,46396,671182,287361,588168,283751,390827,450509
718,350551,1019615,432207,434808,425201,561044,492667,316729,107681,750777,609556,978294
719,382137,303362,227633,86412,849099,518168,33563,527199,165871,220189,717232,449016
720,1011087,341795,822360,310228,415064,116397,689037,194509,988798,874830,472377,399609
721,427656,442091,272827,603835,887262,960752,594153,876177,94763,702552,854873,1015475
722,677978,292097,65128,827292,26804,67494,746013,759449,751030,81446,906124,999434
723,682620,25239,444818,813252,735128,905325,738459,62801,805041,543774,1009779,936549
724,623232,13184,466616,554852,210388,561950,479040,696938,887570,382892,1036119,947880
725,434826,497716,199677,504412,663477,891086,286097,132098,735659,1048124,745679,104251
726,113026,113433,62026,1047039,209642,506528,1021396,730386,198693,782979,766596,693471
727,149188,403853,732127,335364,208029,998169,417748,507863,421162,43781,829724,21244
728,992513,751219,363167,874076,360918,88024,502556,63686,676560,1047792,144681,806014
729,540044,1017184,743848,664592,28287,164361,39442,138025,672559,209775,337341,459419
730,61827,932391,139902,841220,167764,357270,880684,231751,80847,599657,904491,214582
731,311583,123833,665369,167578,104144,990868,277930,123062,309751,451876,451620,769362
732,871840,958610,94200,447116,742537,448778,671840,415248,819035,846176,26074,914501
733,864691,68557,77203,806036,421185,503387,501934,286393,461505,683809,832301,705373
734,760584,10133,132444,274981,762853,659793,669599,578005,553790,495937,226189,817382
735,460268,311769,588118,439224,300585,397336,337582,343276,64746,378067,652140,431394
736,111567,141930,42002,599836,663502,754580,177477,225284,492088,228612,79915,143642
737,583662,487601,1035024,988522,105428,334504,848360,633018,542199,426921,389968,471854
738,618473,883079,922250,832577,552635,444008,329448,102868,86388,621616,546471,753234
739,665761,900252,188126,457705,129990,694610,161496,727885,183059,400861,707057,577501
740,128973,588386,514609,102899,990883,419478,801124,970028,971110,654565,307487,615422
741,214598,776729,84525,27624,197732,822279,83522,250190,147850,305506,498776,470541
742,463030,123335,447713,847684,606905,525240,320529,573142,288931,867517,115290,356517
743,167419,227836,550462,712515,589396,417341,706448,107984,196574,419319,740132,400439
744,979990,361487,51118,535202,225825,914980,815789,1042097,470158,964886,52436,914199
745,841744,1036035,483162,129014,293710,459706,559991,441920,161181,817875,333600,1047401
746,603260,443539,337613,95826,174506,731287,1031006,976357,871891,785005,887432,617313
747,977509,14781,295706,475110,59203,56129,643992,926861,968650,865506,710454,102010
748,63406,8869,230468,196871,340786,257164,692987,101970,850090,936532,944561,322314
749,842421,181510,253869,399920,376189,56787,349120,198567,466675,605040,1031546,526425
750,792368,440606,661555,173275,128301,680867,680204,312192,198861,400183,813277,518629
751,498145,469274,816741,571753,738713,13361,502144,360960,388264,900985,145683,813532
752,585053,359825,556064,711855,612760,562839,516056,360366,340344,538970,799126,458644
753,190135,316440,396690,514410,750006,815087,913292,123669,724611,561800,558948,517597
754,498594,251062,689920,364426,1024409,749338,437467,510349,362378,848312,7792,65229
755,589120,442227,805911,236675,603741,565578,963080,520215,1022358,23269,471399,418057
756,603121,552209,935663,179452,901052,37525,189501,935939,169329,425706,896553,399581
757,1028588,738127,469997,133127,161547,695236,640582,140853,515450,598964,417675,836407
758,402273,577401,251230,270791,941092,799165,1034692,767676,202564,29752,661854,292445
759,91536,376555,938927,543112,230314,113183,912374,634900,236618,795855,462174,538027
760,973578,549815,91043,947237,379743,454572,458469,838993,565562,120223,931891,970669
761,401914,73114,494001,501988,359791,616492,640284,276838,749320,680222,618942,298656
762,921750,574218,626720,259323,281251,484037,153291,341554,8073,241501,213249,715646
763,158635,517487,711384,757630,476312,155229,849181,831312,910159,816169,421201,673568
764,331282,43089,806757,931552,153725,996106,917838,949434,1002242,16406,214478,654158
765,43373,62330,197525,807617,754705,777243,840369,927897,843448,907729,867499,1034688
766,602089,985982,844565,248714,522448,415706,670226,189886,816778,277467,876360,756152
767,93802,562966,749625,981013,70189,355366,19013,458179,663061,478554,340327,639120
768,245107,471059,404269,753098,874216,369173,622701,558089,366658,206011,1001371,958679
769,806053,749919,193766,352189,997301,115698,68453,192672,712043,851161,173332,683033
770,668727,697927,202701,196165,548017,148203,621395,520375,351076,382999,242050,962181
771,119795,323288,799109,721841,403730,900016,673043,996988,1004934,662560,612924,687983
772,587943,343074,667813,484606,699710,419530,506567,120857,920015,485796,565188,957337
773,408502,69650,215289,749356,597068,482975,56742,858465,817442,95871,304111,655110
774,141393,1042512,132753,933913,520977,1037681,342109,188701,731300,383798,418067,966310
775,204933,166049,643931,28005,912774,882698,368048,10712,989279,113341,228293,750634
776,45592,846017,505447,997620,544228,167113,563362,521848,253797,504059,844846,730435
777,834465,431071,32057,645247,227244,351655,762589,708932,720229,386278,197737,466891
778,407859,664892,822643,307514,336286,896722,391417,577531,909847,906483,831488,649668
779,169801,96474,803977,232569,40439,498397,408352,438540,302654,921177,717359,1002267
780,1036542,868363,336189,560994,612738,309872,656739,721299,801622,654967,545986,767755
781,132559,357438,825744,828352,115311,927439,840700,693935,219103,366949,170110,754138
782,829221,705607,768636,456671,998934,804737,566171,742242,634724,276049,192558,22541
783,846551,659625,995118,48139,514361,466051,656227,39552,717708,893429,769580,229440
784,960818,117057,395373,897908,134039,764685,180536,847485,740231,574028,842633,355673
785,245913,264376,650077,864666,764090,73012,1028595,758901,474652,150616,425284,915645
786,927616,458849,690145,149715,579101,704942,793856,446576,1000167,968249,710465,599067
787,48240,486976,197352,281106,269125,590280,270046,866449,646784,804963,101109,406990
788,112621,478391,408209,129053,244257,48309,211909,886166,940971,530968,872869,629212
789,317594,436238,557832,695778,414244,435500,668497,847078,158180,166852,183950,426638
790,737853,404173,755920,457288,258964,357951,828829,550282,686313,490921,915179,34138
791,340757,65165,566947,147212,962781,799997,884974,547451,173225,227989,241391,189949
792,502910,29412,499803,121734,391820,1033116,148731,310263,782474,446672,484023,967346
793,661185,753695,416820,18359,209613,616630,35266,282324,896770,804647,311670,417651
794,435423,888104,527074,925098,791101,118086,879615,754786,842020,91026,762200,692799
795,594367,100860,118151,996433,457555,504015,70204,678770,430354,1006738,412409,935549
796,820073,362198,955415,116373,216706,161045,750644,406236,454938,614059,81842,662480
797,454935,611975,224216,962982,321575,1008973,944090,225314,536413,190593,127432,687201
798,550590,772502,3774,719508,947552,39478,851440,118624,429905,350695,227348,451699
799,97763,508033,866808,653427,462692,246642,624772,855435,129731,1016898,242854,289337
800,705260,1035854,205590,792025,548868,692173,556188,549479,189303,872947,417408,943815
801,945232,424893,687410,542635,594934,662800,568289,652017,518426,435229,820593,308631
802,645152,475813,1003217,594198,883660,208528,158275,645209,546141,83601,104739,819844
803,46400,874843,405168,326108,451426,658523,196100,153280,473005,90703,50112,310724
804,599732,746849,728721,293681,421341,736929,267568,208848,691907,57878,12454,216217
805,551182,262628,950607,348723,799291,983145,978747,938733,867323,1033879,388405,908422
806,970791,508114,828673,769045,490354,335213,895519,318101,482890,451940,503020,395654
807,724250,431244,446126,338356,527388,403765,958485,946351,100234,433337,143033,275739
808,709197,1034582,254725,48718,592300,320381,1033310,247963,1032495,940034,644822,307128
809,955063,108644,394089,460315,557343,550888,561429,626675,129274,855422,126229,672688
810,123881,912816,811450,437701,111316,255334,653824,876931,746762,892163,405429,560890
811,294107,554043,428543,657444,377922,263543,217516,686499,501373,827516,650374,498326
812,966364,862384,725621,176196,590481,515495,963948,638126,121046,618370,355375,25557
813,629338,729661,1026459,336514,418100,922103,347876,227622,892210,253964,80738,681671
814,73535,472277,169445,414525,318323,301051,753718,817226,314006,825506,82431,804551
815,627845,509607,86901,964839,470700,826947,755778,236675,559028,143952,917935,302211
816,368628,874946,926092,695026,677034,196512,624242,930681,623829,692197,253514,869938
817,495511,694703,17617,195014,73213,414777,57232,163413,849470,441970,320955,921189
818,725930,28870,811937,585758,269971,429302,599249,14280,989231,348838,315461,723230
819,802170,745794,515308,957657,644760,867108,807729,953638,686799,968902,341835,885342
820,824439,398995,545684,650657,161851,927683,216300,557108,997353,781829,751458,650106
821,1035704,554868,913404,342866,835100,877243,749297,800802,641348,860399,286925,634731
822,97986,185871,651068,632835,578790,117957,351335,406862,885183,312581,384071,151363
823,584692,703905,1013189,202590,322569,638244,107524,656297,555537,778790,217015,989506
824,626036,573047,442826,900123,507595,295988,596555,866853,77292,532337,851647,302449
825,503845,332200,1011798,476653,68269,508929,847119,260065,626366,419360,630343,435228
826,545541,630888,698884,951868,630105,918855,362444,1032001,121822,57029,820609,448470
827,670333,89660,1000313,4772,517950,602075,758552,776097,219096,61697,981159,673625
828,385138,20820,597779,54281,803792,978392,374680,760374,659200,249833,623590,1030152
829,1005372,1042508,661164,127467,1024521,881826,767035,206249,954569,3891,57902,335212
830,57364,91457,737669,485133,547439,410949,680878,287379,52284,1013597,97411,114685
831,718269,281130,899729,141704,163502,734310,973816,607559,512314,576426,868525,995258
832,905887,1028212,826184,708489,476720,953323,342791,642135,291311,746868,375796,490470
833,297384,100685,809709,250347,859299,823368,430429,959074,637480,126042,795156,528365
834,700585,705954,123112,925042,163957,805532,453112,929579,742451,197776,865602,98012
835,688889,672330,386915,898180,329196,466390,1044697,109410,915061,594545,1048083,525841
836,152708,492607,239420,925217,323663,295496,815984,662282,549881,919760,605468,641465
837,257144,861331,513344,689543,848094,241181,1013872,667103,542298,877049,280739,761657
838,171431,809905,41749,81038,157323,300762,859270,612782,42396,114272,401828,21421
839,86381,453350,406689,300305,962934,39479,689221,632050,127454,996594,265820,474115
840,386341,599404,525140,843744,925149,179061,980204,854840,646442,315873,48853,713652
841,97321,327036,489336,748937,779238,572266,893092,754964,830667,35105,440232,592541
842,1037659,557937,380591,970896,541225,346637,139247,894381,666166,948426,404243,951826
843,458629,36012,413397,217353,526992,224476,582257,240718,308117,691535,730020,1037241
844,514681,680170,1022945,737526,494181,947204,800986,143382,678052,703440,713922,139529
845,614430,450113,871656,718260,824486,643210,361694,903094,592515,876461,506745,260043
846,576996,927213,741173,445240,251470,393450,15369,262861,377416,787510,293873,963317
847,813761,814617,430539,209091,640334,35058,636663,260799,695092,528988,529784,449507
848,95808,532677,149021,147921,187512,833361,967945,838893,126822,970212,1016140,418034
849,137237,745510,520462,466181,881593,954213,269151,388888,358020,399742,25544,577572
850,683341,76424,809948,152226,246170,268593,740899,1003130,169874,370157,202735,166639
851,636447,122527,716590,583383,605694,441580,134741,587002,230438,43117,1021155,791032
852,128772,597100,187080,1008491,131609,968265,74221,763885,544179,833437,270239,666568
853,579309,953119,947576,958650,813995,138567,128137,2751,587784,582832,233302,74572
854,656560,295507,75758,504186,322204,175356,989991,100051,36450,518067,28442,521444
855,414331,544886,762786,456389,831222,998112,342633,697076,666128,947424,173063,735982
856,275883,891050,469340,650079,393601,1032596,919598,134572,1016977,437319,654631,445826
857,765227,581936,647510,949092,32492,459895,115319,583527,426352,543033,458723,968900
858,540079,940790,33223,509739,455026,68249,1031289,36754,174038,618654,848998,175991
859,866588,1024220,101466,361742,62605,429859,855712,141054,793079,61190,103933,469789
860,353347,678121,978502,987352,430730,332131,333403,610214,924000,330879,854527,461504
861,914249,419974,93865,666407,607058,667790,761403,823850,606375,1022590,108151,940474
862,1004050,434984,191248,228778,665441,351353,944469,194893,889,156655,911793,286531
863,295271,545174,847121,323536,704797,127500,775728,818949,156258,38759,1016220,973463
864,406875,629969,873780,561679,527469,132331,558444,68324,42951,870443,744792,650054
865,1015238,652023,804439,392941,50078,125977,872278,834528,747466,332038,612656,43636
866,409533,737663,949907,16286,1015046,410539,793827,984426,776362,410614,906749,516098
867,305137,269449,819716,197255,959275,915720,718426,906975,361557,42968,670473,829650
868,608530,969887,551901,86148,771055,821055,481999,624432,757765,869322,192420,104018
869,150219,1012016,807354,997086,764538,52772,558649,369173,589597,1032909,951421,865210
870,403420,518956,334534,683046,887799,943734,729717,938677,514271,841755,538355,959630
871,225162,600096,916722,475155,410552,16786,897161,212444,971826,1035275,475761,744295
872,59423,171814,944366,687319,72606,874840,863523,64900,615302,1042740,643713,790045
873,1002941,321906,310823,431214,855978,574136,204259,573645,735216,23716,767813,741853
874,271979,611281,716243,9877,27721,252944,497611,965123,992881,642305,979668,349483
875,933671,101889,675067,1024212,622853,81876,701959,952835,276496,271133,688144,1018144
876,182113,437158,126127,257782,96262,373577,287023,348875,368864,598156,378295,223992
877,371368,407856,946247,665902,459993,83461,57357,324113,225335,238083,531950,582494
878,986052,786381,951424,269854,898860,998343,588354,834360,73431,102549,598798,151770
879,986887,664922,567281,667971,349178,975087,339988,385745,159707,411719,437897,894523
880,796570,914,120466,330241,760740,934561,743520,281397,578778,36071,1016522,479392
881,703282,780161,383820,238127,24051,755929,55966,897570,44459,614321,86779,893292
882,928246,149672,768608,516717,886111,10125,318822,22978,349596,166377,475432,563687
883,16874,1014556,436161,1040449,498185,413393,687126,106328,949321,649703,852583,340329
884,548407,756518,988922,787220,636570,586629,935665,166102,812418,252573,117310,599954
885,254285,996769,769817,345559,540452,19619,260068,156214,546584,711428,758356,423966
886,727163,952236,675517,180163,321563,186280,708095,528296,280648,686272,789831,888238
887,355809,153170,391781,646833,717552,794540,77056,1047893,1048157,1021716,870374,276780
888,615710,102041,205965,422087,273978,405363,412905,34436,458577,945320,570499,269407
889,303586,667580,364938,363992,853332,644937,99069,555796,896606,541633,806983,843301
890,707345,113481,419882,1000540,470841,258533,636516,986080,286256,997305,306902,206490
891,305978,929700,974782,689001,123806,804253,525645,333733,602235,126133,509863,151292
892,431073,248962,611851,492175,216039,409671,121276,436633,548574,953808,564187,361244
893,759490,482950,9486,646107,851052,831293,652348,347704,737303,52124,141091,110926
894,965005,22697,163505,774527,674727,572083,977286,202709,961984,472680,635438,891992
895,1017911,836067,735843,881321,738114,312918,574252,640132,447317,781571,812049,406812
896,162902,39499,37068,37423,1007276,824734,959999,964743,822904,465282,703686,533772
897,372062,491362,738595,894054,925815,867677,771741,334305,592066,101713,311949,899251
898,569699,316843,752704,134477,782204,336577,879392,913664,976129,666288,125383,312354
899,863041,475011,481135,140502,862156,88131,950724,1000536,159510,1034123,874726,356257
900,134691,204545,972091,992960,985656,1048258,24617,492148,401341,384786,877480,903324
901,932425,1027504,995173,339129,304568,970207,245759,278177,50869,774345,1026357,350853
902,685030,474277,234861,916038,849099,264132,622981,628865,236479,462439,893258,464787
903,980672,296090,447511,738120,486507,536151,164206,83937,835559,881789,654894,837121
904,996106,456487,902637,150137,121304,194024,474035,525932,863555,763562,670173,583497
905,632306,774471,664618,138165,460304,151937,979778,580578,219540,678269,776552,668772
906,534762,24636,411362,688009,594188,739117,838190,706023,491852,1043145,122308,952905
907,444170,897318,466209,1019665,785636,211421,912474,67825,18164,63024,582134,635123
908,655434,701440,579520,850915,530225,1018385,943274,687918,559981,818070,631000,759363
909,575239,506094,12511,15753,62655,679870,677964,498017,560878,486081,298011,30151
910,680460,940530,174060,118130,201346,521359,812161,1015080,643316,535339,987473,872703
911,687248,869510,672640,551635,310896,367471,728335,144948,900356,910994,550591,98694
912,81975,333083,58735,618237,973316,890428,57900,670854,486375,679405,300107,424837
913,187158,820600,127783,49941,627759,852382,242096,310346,968565,338844,658659,790709
914,680359,781554,160248,1008156,824052,684250,266719,471382,1013181,256444,44594,265786
915,449671,96160,657669,659734,436163,886856,89562,410820,747655,477472,826349,731339
916,387998,1019740,520616,782267,471789,71695,895256,982860,747985,998008,397346,973347
917,954337,784396,948405,933187,576520,417879,855318,610492,331079,536399,253923,344588
918,878076,914530,398164,705418,12671,963133,108341,740818,751019,788256,52364,567368
919,593249,181733,482115,442892,589281,823092,247736,535995,297678,208429,23007,329423
920,422581,755436,342097,483680,763551,666580,264088,486438,407888,163156,894071,5551
921,500004,881008,432014,413634,146709,807611,58532,966190,250856,740781,654885,308888
922,928141,537209,636414,148385,646237,107510,222446,481268,146571,646590,379114,881005
923,512054,1044730,459027,703559,436656,927014,48307,719240,367559,939252,587138,116875
924,544800,264947,480267,196509,1001738,325241,781596,974995,404627,855036,648768,673819
925,137741,354251,276361,152508,198701,369337,394047,87011,798993,910727,679473,403297
926,751245,621004,34465,39196,194230,1002788,584257,344964,133670,1040253,848254,486735
927,656582,947205,150860,556404,93647,481221,771784,140422,813337,750058,354742,541231
928,981335,128632,1038987,127909,568561,205514,276756,72569,290302,594447,99846,830886
929,323425,501395,274886,209604,606999,896558,578835,328983,214397,875331,738726,866800
930,939918,969018,530719,689334,324994,833925,853814,29399,341530,380139,586449,927010
931,979432,805567,662868,566255,12219,556031,48522,330732,415387,269257,625152,752856
932,706728,5352,561010,260228,815599,414194,920002,931514,927120,492674,103437,49381
933,278946,624707,29164,844409,331162,383437,279660,373926,60349,1033306,770868,1483
934,865366,158640,339974,918099,221183,145727,460930,363418,856632,198235,175796,146341
935,921630,7225,485602,746604,687678,436579,105771,561828,910489,127568,92972,794360
936,846333,591432,501635,936470,20661,523469,259166,657390,765267,409555,103361,603693
937,970437,769289,859058,235103,424857,325188,1027475,146811,743540,10607,709164,346613
938,789349,576251,721688,709456,597135,112538,746399,533252,233516,479149,583298,502756
939,339441,240828,73829,451853,221472,26475,351689,521578,267106,471118,597869,351074
940,614077,223940,12148,566225,647679,993212,126390,301831,1009602,549739,356326,61617
941,920728,979773,69310,421130,240179,463661,293754,723955,449493,287122,635550,87122
942,820533,900463,33358,334853,689153,406866,201243,210138,374554,193761,330211,654649
943,110952,446634,857709,577526,43925,51585,7940,186089,847061,495756,895363,617577
944,740546,836571,470155,897257,19907,329544,277518,998592,4826,714234,404059,272306
945,847406,447011,318362,246686,326060,329116,970655,234218,319465,617997,242776,926672
946,492746,377614,1916,879702,978641,84930,1020729,652230,917423,259784,968114,185541
947,417924,244985,798447,377550,814072,366819,877007,1036512,237160,596883,451908,654199
948,104927,552212,960944,956467,427392,820053,57092,453395,717872,878721,246033,384963
949,556539,833311,313445,530996,600895,26191,633860,269621,672718,668031,738969,767740
950,413472,307521,113601,202081,161478,17543,308408,475926,161748,629001,883571,605973
951,727759,371022,1008972,995901,822618,804105,215762,137656,607583,943338,397614,187099
952,470709,827300,896505,613963,306215,628921,95675,51200,771195,755298,329299,812601
953,901086,793928,625380,780579,403099,134150,759105,321447,666302,904350,197129,472968
954,194092,519853,541275,830568,624883,724064,34163,919528,136653,1025575,373251,813202
955,132714,231591,70282,520847,791825,368359,115269,213532,136511,264,342764,1033570
956,638248,123530,337907,396028,718170,290315,799499,180615,66934,99499,325717,153358
957,102620,1014478,165040,1030263,408125,621371,693607,1001103,102307,1048316,276233,437341
958,256211,842361,539672,637693,1017551,234246,677031,709354,256557,736319,479904,3134
959,643590,171550,843985,950177,737752,233431,287752,108187,634427,842683,720239,740673
960,485382,451981,995981,127747,43721,185847,161191,763885,682481,426656,326867,931226
961,40257,904382,411476,683003,730738,924148,363614,1045452,529918,189912,614881,354529
962,780951,1033155,907375,370294,102450,403723,834632,1022952,229942,242419,440800,598963
963,1000826,665335,897130,667573,1036161,99925,519645,410387,239875,417198,237890,526348
964,796766,320267,922948,303624,629368,344388,884252,722946,812710,584278,896475,293602
965,625008,899314,775231,154709,63333,929186,573572,621518,454612,18311,218051,956249
966,645199,97355,979385,581467,822284,802607,778324,777529,950139,686623,88763,118324
967,392567,350433,173702,848346,149415,254061,324405,440128,470636,144205,351487,468708
968,841161,469895,183610,248686,738161,534287,597897,87687,930420,729861,253088,33726
969,55047,599605,212978,648939,209406,877480,554555,85921,562213,199074,862755,446044
970,1034791,150290,136719,552718,80317,157636,620363,2056,237252,81885,122368,962198
971,735223,751048,814685,917549,320483,160080,890480,616479,153448,173907,124289,360405
972,196614,611105,138219,149794,906540,198136,649258,597295,674542,507525,402902,997379
973,434919,906277,513689,46658,639369,1040576,1019896,680165,334794,889082,86888,946756
974,689163,168038,447831,593563,840567,1039914,61777,524791,915260,450552,726677,88050
975,231313,204971,44179,107891,631991,395485,397532,519694,1044395,695919,245208,209938
976,865452,295936,262047,680928,182661,467240,123688,743875,774705,584011,610812,378267
977,899779,739311,533152,916857,914296,715834,383894,204389,413696,14685,954631,426159
978,629575,198324,391378,179122,772582,780549,789547,419739,197046,368561,964660,247160
979,685024,541480,524519,851286,55699,30237,821937,12883,855459,818668,469372,318528
980,482226,439707,109956,640624,711172,564093,988728,496006,542114,705675,9498,458371
981,694745,895934,51884,495735,211669,999490,1040691,414977,247478,508303,385683,268591
982,231252,172920,116695,974572,1015695,945312,127056,42030,916609,346093,757666,280830
983,986818,438322,11141,179005,99728,387328,950162,739609,396554,820366,169181,734032
984,452171,657936,282682,550455,628918,99745,132426,278123,627646,660880,431480,219728
985,500193,738066,525974,487520,789609,13126,87306,34906,461579,1014179,99563,663166
986,558680,828855,99653,747660,43758,409987,336620,995667,99081,819740,140565,962628
987,598163,758749,63713,963974,298922,673021,978698,692688,776152,956524,88145,236782
988,202992,768785,548341,846848,122690,818731,417507,566843,210168,913802,558262,166464
989,776095,211641,396387,113402,132111,717050,2981,102198,841117,311627,372999,562411
990,970859,469267,878853,276734,623403,770782,806959,1045589,328296,739708,559009,748663
991,688987,960657,502541,305190,18399,544260,943792,297617,496546,970064,100192,117076
992,456144,595020,848298,229212,570737,585147,463707,738361,1044265,59428,435515,945841
993,1031821,359340,936455,263621,436953,1033836,1034692,99584,466744,89392,434427,865000
994,23981,1020928,1028461,555778,132374,881455,896862,221746,348075,872727,741761,521344
995,739142,1022883,432481,1038376,431458,69283,708133,567980,856992,650466,202303,378497
996,271456,389584,24315,502579,1003986,797873,642543,696986,150166,471843,75115,584935
997,1043980,942338,553884,475387,26712,134490,512568,777182,771715,790068,338715,495892
998,381967,459805,77749,536018,550638,1035216,540146,760921,1021498,159381,431504,125706
999,85300,96620,834126,982221,192557,389750,385233,785693,978505,925884,884542,91042
1000,578074,255640,609355,851327,459881,688948,510407,173804,296102,961627,976779,775225
1001,327259,24546,450687,70190,846737,518750,906132,162568,519368,486103,655231,421214
1002,748222,251859,426130,702735,906186,6918,352587,1024606,360566,505732,140638,104039
1003,535360,941842,252794,55563,813482,931523,990916,976752,705932,844002,360407,861002
1004,542039,513907,435422,403092,370094,891256,940937,203153,120476,460911,609863,150121
1005,56457,12781,875927,637881,67030,1042185,880733,444199,897465,604829,998001,766546
1006,483779,190226,802039,222716,195449,782322,1014705,503936,947063,682189,711788,258713
1007,738597,296495,738126,890344,925333,142155,953919,935034,202645,426423,414491,848909
1008,640271,636879,688014,560283,799318,305061,678378,285400,56521,932514,456385,629790
1009,507136,438448,804267,1023784,654074,105304,420870,394854,12618,919255,330061,925310
1010,448531,473265,688172,626190,542660,686733,372612,158950,775534,1046534,229556,384760
1011,859705,598367,572870,272118,852920,253119,614242,140287,213274,763077,67084,649956
1012,681317,195245,741782,871111,818023,623426,433402,311705,793162,194916,456054,458603
1013,350721,729156,512745,685712,289690,690734,494673,665036,527259,85136,933347,412516
1014,837049,1046192,1018140,916025,628358,721623,915133,613309,958866,525323,301578,350359
1015,382485,482398,352284,962062,228551,520115,276764,243782,910912,480568,341435,482259
1016,1035961,527840,157584,631285,386026,148556,1037373,380347,976432,694456,597453,902943
1017,499448,893615,650696,292943,921483,656091,738423,915539,424496,980300,961073,527625
1018,393763,753103,695095,173807,159987,676904,438442,147516,174239,126272,610912,160744
1019,134711,177928,807391,759244,545720,262671,53051,963583,879841,734194,569472,108437
1020,487917,1016162,451697,918331,855462,654889,235762,925466,888858,340555,1003967,570469
1021,398059,729723,12295,291272,604317,838149,118182,773752,418044,235688,974697,862407
1022,51995,110467,309810,894332,383727,141878,582183,1029209,427049,5732,457843,710735
1023,114874,409626,933262,1025147,320627,976050,937172,630091,943844,1030082,367227,188033
1024,929312,452039,308582,883404,82817,981304,103888,443359,377954,891764,799128,230937
1025,802032,296600,939570,413086,931664,179943,366698,1024020,928513,1030998,119688,246063
1026,632375,909114,550443,102090,577307,65882,282000,985416,87216,616765,873096,501363
1027,651364,743582,734332,846568,1005954,813250,761357,923808,235129,401451,378567,244730
1028,315376,58771,782909,220063,809195,319655,393590,874472,16026,901755,232965,691765
1029,928593,1011794,641491,721102,499616,953065,595391,867273,51847,956822,232266,9947
1030,664871,376316,753383,328942,379800,861666,344157,136631,147043,160825,859223,391136
1031,729278,537597,516316,436948,271353,584541,1016452,987606,916105,1047263,910127,419680
1032,1045753,248380,995340,294329,650108,39789,542238,141503,753174,659122,702329,235855
1033,594987,547851,915478,67150,67123,283900,788609,694040,781191,536359,541990,893943
1034,133599,728889,971730,695459,344655,794915,655343,99042,636825,938907,147051,666992
1035,807096,406390,462635,177324,348138,37094,628590,93344,177640,635115,564020,659563
1036,549098,134262,856903,173586,625119,313289,64160,821707,885328,624170,561733,805784
1037,841080,560538,539582,785854,506112,1041130,1046127,170919,787845,165265,548547,811937
1038,57353,622537,916754,87637,74849,943941,59581,931664,706811,343361,539654,436617
1039,728607,397972,408932,599251,775549,361139,663046,746998,406347,54753,277554,903166
1040,863035,250569,789899,1038424,820905,641143,459685,870510,953999,696429,1041851,1007677
1041,500934,575006,442973,559918,56383,885807,863359,887248,462475,1026477,141871,785745
1042,902147,554407,1029236,651730,43886,460757,403826,936923,292892,614421,794590,300309
1043,40611,288804,887407,861508,155829,415945,700190,675877,633200,539802,669195,368873
1044,882462,212902,793654,980338,486857,38747,663126,972432,87552,651101,797147,969091
1045,970652,362416,694185,6819,837568,972823,908102,494728,628930,589944,1043270,674215
1046,1009031,266145,592651,507725,9063,967748,628200,146780,349961,201640,389959,46567
1047,629953,36430,15164,482786,128674,990595,756286,157170,996974,183384,155060,378140
1048,31135,260027,860997,1045219,190830,995798,940023,941591,762617,933473,992864,334471
1049,307202,1377,423741,965587,145961,42635,635034,312177,198012,560833,148658,316615
1050,786045,552433,994757,388340,768895,109150,738418,772592,262824,425482,89484,601743
1051,123256,821878,302429,553819,771962,688660,1004773,299923,463414,583765,366639,1000079
1052,484514,881899,887539,869589,869241,808850,1038531,881792,360255,310275,177734,432418
1053,855231,995494,979064,1023556,585848,608980,14894,207089,126250,989054,222956,361981
1054,961034,512177,776467,365305,257641,242535,583446,75446,55789,935285,598167,774298
1055,862751,665850,749731,965346,580331,124353,685374,589090,242924,134260,812835,378903
1056,156052,464997,167841,345804,872421,330261,503364,612683,726744,35539,1015539,708153
1057,147829,262725,530312,359360,84884,968051,85224,1020716,369130,416512,334425,584425
1058,637655,3264,231741,882047,33042,282802,323040,619279,241526,81384,321524,636434
1059,461552,32563,621441,436800,467382,234021,216845,478360,856568,163052,862750,1022463
1060,907943,887926,996567,805344,874968,233811,469940,820364,103038,46384,265732,438133
1061,293051,897993,664256,277263,867512,38655,969561,239085,586534,338028,496660,152997
1062,221948,621117,585610,246577,1007255,254051,606483,941517,767600,970463,31383,288224
1063,319893,567322,372228,90574,371153,300278,773731,798398,754065,297292,266922,336396
1064,992242,882482,977381,1027965,379274,896508,343085,200315,228617,199639,281640,990369
1065,443850,398576,674955,311726,191430,181503,914646,943646,79796,690541,266777,242752
1066,140767,574324,396188,21287,436387,136669,286460,769253,243541,362661,83793,765510
1067,895015,94810,587878,661737,817594,506181,187058,623195,512784,66935,792703,500700
1068,776283,328493,611260,853774,614431,402306,1001570,242238,481869,51445,808325,1036989
1069,15442,206426,1004187,971942,443612,535447,617385,523592,950070,496694,171171,893994
1070,645239,488988,114775,425112,113927,895815,572429,934491,730258,640203,221753,1005099
1071,771077,690742,596295,539510,552635,929937,142116,433067,1006974,286269,7138,88342
1072,764902,795072,487872,337128,949850,812666,218579,115728,657314,625186,76297,405221
1073,133921,322618,900664,984915,243107,650234,483124,1016533,1000821,568233,323091,718889
1074,657653,546314,1015175,267731,174561,434256,550648,343899,657578,104937,40267,453024
1075,484585,107061,889696,199126,844325,828803,684995,408986,427896,71716,382793,20923
1076,131415,278859,152482,764581,1008930,943277,24622,642261,350869,30778,651273,601449
1077,117797,612201,818001,869450,529131,435465,545263,450208,755910,744983,358979,522763
1078,655443,334907,996626,261122,929747,90947,1018088,235648,479133,22139,328191,376931
1079,242390,761828,788769,355489,447705,666841,914816,971124,791248,884836,662260,293193
1080,984661,184366,880137,200881,944457,318770,65958,535027,482556,354686,471978,847842
1081,207341,840319,402069,497575,915040,233842,998254,108076,116485,101668,465986,797664
1082,450777,283992,240757,225588,1038319,1506,201023,425326,373583,257432,787131,326711
1083,554498,557393,563707,721513,366498,97690,964113,535293,833577,745909,580740,902493
1084,539441,967377,920686,791169,953639,128958,76633,642172,1016430,1027265,327995,30120
1085,901209,660947,52143,21956,764990,1021620,309348,725614,1038378,556677,885023,389028
1086,808592,382989,295426,171540,81577,824600,618901,107407,795007,899998,33075,783124
1087,977655,404096,20809,590804,201067,395621,405518,604726,762001,344110,470488,988783
1088,435196,1032201,797835,870341,634891,757471,500719,573003,1042661,742134,187535,300048
1089,671350,543089,66380,367309,577104,1006996,296806,906180,1048404,557008,689064,283939
1090,101062,572701,18445,125773,806142,372548,975778,680891,871642,288499,398496,1040310
1091,311329,1038093,937992,572605,178528,532034,456731,614922,849723,810714,166271,690084
1092,168848,21285,297430,506509,201496,207869,9608,103726,728608,366220,371066,495775
1093,578944,1027560,905954,966216,287383,13978,453560,821477,1036109,216417,67205,632969
1094,897941,365065,564410,226824,383002,712208,187925,319679,342329,201183,321936,291263
1095,429740,836170,345986,790958,915460,697740,635504,344800,104443,411585,837617,1015925
1096,291770,405828,910614,356564,565873,378832,1029402,313291,792089,953066,531155,431189
1097,266890,271708,418422,743197,337649,677375,614912,715852,215847,634930,876936,472989
1098,763959,996709,972401,663176,1020425,994903,1019905,140619,490197,884147,646614,498331
1099,562900,320759,907542,31952,280876,980331,323676,44110,644361,268115,866956,845259
1100,59245,1017979,952424,702608,524558,99220,694784,202153,566338,790438,420913,195868
1101,521156,135862,72026,512902,454698,944163,556348,936536,1034065,743400,684188,306892
1102,879072,292533,216160,182837,910757,854814,655248,872383,459974,1007645,776485,361483
1103,546096,920525,77223,337634,835874,985441,73200,88058,818081,728248,327795,547847
1104,516313,925795,714700,657508,137376,336250,25159,332570,920421,390297,627899,134968
1105,985974,281853,867850,267800,459923,379835,1039526,619417,424441,170891,283308,495517
1106,278911,936702,480857,854696,333060,645797,289519,983291,455829,445288,868484,638015
1107,985707,257769,467898,520264,168916,821635,844468,1035371,160872,230453,303147,877393
1108,985204,623071,669092,473180,761461,646019,183563,743553,380455,285659,563277,922625
1109,605662,586531,1044814,198698,767795,492856,395544,653074,900484,862267,1048118,379539
1110,619567,387640,936336,571931,982124,483098,1020986,351456,1032257,483502,251254,223355
1111,516618,824776,25559,500195,853113,684869,870981,445059,414057,739109,728436,538880
1112,664654,258606,134431,259550,208471,300148,977114,188205,77226,108961,796326,809588
1113,686426,825836,880168,125313,841704,846151,707698,687833,851234,55128,690488,5831
1114,698682,425855,862944,241715,548381,322696,394755,369743,908119,793955,234802,606709
1115,708630,924508,1035825,312372,857318,427582,56105,834520,94906,60351,495342,163135
1116,305513,593378,312425,600255,728386,660976,294625,842382,433845,150357,47302,437807
1117,590077,1042866,536556,989138,523155,233798,801230,196342,436860,624892,94028,697374
1118,269938,850128,730955,792266,912233,317901,827199,484162,410137,904867,999308,697047
1119,639020,511682,753000,235435,616154,217765,308483,991867,399494,257090,716510,778499
1120,216436,573660,500062,283904,209187,912892,523083,490046,735173,359744,706383,909954
1121,464341,313078,566072,1014523,228581,604510,834427,121264,368948,1024287,450581,682810
1122,777124,479111,809739,603710,552673,350861,980387,238851,9765,484562,563616,174653
1123,970907,762922,836469,757443,933242,113076,345751,653359,22699,630964,261054,799647
1124,391792,423782,599649,908200,1016741,680859,5094,546697,490342,733964,592482,61706
1125,408049,311004,773511,46898,838694,525072,1027160,796303,450589,875314,206214,306616
1126,120140,339779,616442,158133,168634,1036183,300184,1002939,32523,943590,947103,431566
1127,2989,457362,1006892,604745,967655,846861,739957,334415,83663,191577,117700,970286
1128,888341,508669,411891,664342,556294,1020536,304750,891508,913873,127037,1036484,931009
1129,488287,892469,649734,404177,167839,380945,706740,656312,471791,152799,221312,391304
1130,620571,142257,351803,950202,922714,358372,1009607,160540,706133,270356,146653,797567
1131,514784,288565,647685,278304,502856,331945,169858,147706,260574,1045478,62413,497228
1132,694787,683113,337115,767103,84720,674895,530760,986114,225980,630680,347023,289362
1133,659291,321126,209381,489532,15850,115645,937845,1033592,619311,461777,66006,467868
1134,888668,768834,1017834,830835,162311,27940,116777,457042,446393,332820,370078,886296
1135,163734,35981,594508,560670,555849,542164,109138,133984,963175,52574,565523,66281
1136,431168,557189,45511,405834,476497,826618,16412,733330,874160,119238,606121,578006
1137,993909,437953,124411,930029,129079,1024077,813253,477858,262005,957619,1041277,761632
1138,920100,130342,629190,855560,519571,149008,345034,304439,39142,577032,958007,692363
1139,940389,52356,314988,212724,210659,274308,1039967,629124,283200,740794,641924,342946
1140,417614,1004305,497333,893716,36923,199246,463961,491852,113290,496423,78850,598451
1141,890158,461015,369349,742094,923881,785620,306506,487599,361309,490263,269630,486935
1142,188004,543923,387364,997003,1005974,987379,587132,514746,539773,810264,855916,562425
1143,662291,454985,83384,79699,579057,941671,920357,24105,28216,160356,440860,767711
1144,906528,325787,27808,393121,279283,123306,1002949,202665,58949,863930,954107,975532
1145,920225,25254,630239,604492,965379,160574,498001,771405,961660,908276,726910,521151
1146,426144,728291,775980,1038510,106910,887826,361273,905743,862427,913323,9322,851201
1147,501343,727522,434718,478603,510508,861393,395910,410650,479942,886327,701241,117183
1148,449069,115714,120446,903866,912880,892125,555640,89223,869247,204790,652809,513159
1149,419709,668910,467341,1041566,46069,402669,597217,687805,459200,560299,617156,540402
1150,443472,909930,887588,560142,148652,958915,746041,380117,493716,133153,8583,882556
1151,343649,784560,545970,1005953,110166,430807,525553,951697,804220,591200,751457,821874
1152,724039,512460,281577,162089,745565,755484,968507,464757,415866,389695,596904,731411
1153,852736,405493,34885,454051,689098,758656,300901,417871,564239,898731,709500,821624
1154,129792,633067,80645,811288,1042473,671864,272450,826537,1005626,798881,223335,427180
1155,279862,413769,593838,814320,928532,973511,37131,709691,355594,822346,451052,279942
1156,869974,9270,802390,117371,224902,735030,165022,632339,593514,490725,494723,138341
1157,689680,10485,812838,234078,304619,211102,42411,139766,865414,372299,998022,897060
1158,691519,724691,261970,506854,688833,630971,7154,1048044,298553,435330,844863,776823
1159,346293,453768,499556,797943,1025428,395322,337285,954964,386289,694545,300333,189583
1160,999246,398398,517480,546568,107155,491912,857663,127600,216663,439464,818120,512880
1161,173579,1046782,427215,249479,426471,451782,980423,682511,194873,489216,1001955,811516
1162,376938,71805,119790,372900,732197,951966,492485,774231,696980,493149,783919,45825
1163,960964,122132,870695,180450,1005805,94578,747331,280586,867792,214602,253863,72211
1164,298323,203225,965888,12163,294493,155458,1046401,903259,666418,44517,209376,609228
1165,6053,220291,190980,1042284,785411,555651,319809,128761,91176,671508,101577,435380
1166,142866,247762,905449,493663,399297,789824,572842,840229,398759,868704,175147,465057
1167,262201,926250,801755,366161,289530,335804,115045,308375,498303,693419,208264,602192
1168,1008721,710307,549432,814513,11518,705401,889518,742476,112545,690534,8594,988597
1169,777943,117801,546741,438160,515001,1027100,435804,269529,320739,548199,745191,124439
1170,991,918667,374769,750211,448820,399127,25031,316684,509331,156543,269814,471949
1171,416655,198983,104783,102607,72738,169322,439170,172003,389983,669118,244215,932090
1172,265860,760714,1000380,124908,707091,830886,277326,894214,1032965,544501,936273,710342
1173,22577,112341,10206,647144,536454,506489,293016,552928,286819,190030,548390,25544
1174,228691,164908,525151,517442,574015,415343,825246,218730,248339,727626,35405,494419
1175,161638,644225,180494,94268,987648,665903,361942,305267,169022,402070,395475,304079
1176,280079,543032,793711,525663,440873,189713,746352,474537,1044686,893020,941429,547542
1177,905815,795923,446036,46992,734940,283588,157310,449064,439708,752703,193216,59367
1178,39164,223213,487770,917680,471466,634899,620114,858620,151345,142314,142599,543539
1179,434758,278403,539774,772036,854008,477478,470530,809576,229685,254604,412741,833926
1180,421140,67766,295302,95315,57343,622887,527638,2098,514236,211346,400127,951300
1181,262396,878541,412870,96010,110680,604964,1025050,829271,987408,112496,416588,453201
1182,899362,597600,630130,411762,199059,841829,132264,373047,971436,527910,464813,356968
1183,272746,894310,1005381,291734,886101,446290,758798,104612,33575,884666,296848,2341
1184,195605,835147,119141,475647,488423,427288,830190,837979,443301,478020,579128,726799
1185,565839,71980,700101,1029860,335203,352298,714301,239529,652435,706688,750723,350122
1186,653508,73956,1023684,809900,32957,451035,792932,1037564,117085,374982,625267,45118
1187,479082,799531,943767,1213,628173,779056,219415,376068,229188,105602,586172,746822
1188,369169,632798,127217,119133,199913,716951,246843,598900,53915,135932,773220,35239
1189,659460,516289,47368,151341,1013614,743612,264900,488533,176482,879392,760224,608876
1190,440124,273685,752370,622619,709103,387938,985513,695753,905445,543784,386445,436354
1191,271580,807750,962536,104172,115758,261112,960904,1040620,641246,1041276,139532,309148
1192,292894,842920,448550,106529,556794,961965,647313,122806,33226,787056,392773,174144
1193,855502,120773,725782,132690,533520,556852,832806,508800,69527,160761,485292,186644
1194,881867,725460,714796,96030,727295,525255,115083,834205,420803,286061,344872,602586
1195,165666,1047718,152738,358289,595123,544107,728588,648648,454545,495817,834847,556491
1196,902741,925507,281636,67781,496771,159456,875786,309003,369922,810885,596668,553979
1197,780771,858165,283854,461516,132572,327729,843947,374095,481284,407789,490453,195780
1198,634405,467074,350790,706378,94052,967772,643388,693007,67959,688913,97325,480147
1199,29485,857611,737379,750063,358081,274938,28148,705869,351460,538900,173988,992749
1200,936895,543287,802164,205033,240891,956504,959909,666890,231277,1020126,2573,729365
1201,152248,821011,721521,964458,477425,706708,371247,758432,222966,531863,422222,759137
1202,182758,66643,329137,812894,385781,429748,230420,913854,527275,382810,670600,619376
1203,455900,370606,403452,677291,449123,659911,250892,736089,652751,944555,759450,649828
1204,875547,701115,929873,24434,70047,526111,55012,671893,491813,581544,113699,308576
1205,546824,318822,636025,267672,829013,848398,299226,479730,391207,58075,564869,977880
1206,1043546,826886,394839,642182,45068,871883,677526,407265,963786,45089,790081,491746
1207,785331,357824,847292,108083,866343,514158,573952,509441,860336,521596,506713,567512
1208,842419,644993,524827,371698,70107,614215,670096,734348,191404,649883,764095,57314
1209,506473,1042224,991868,430887,704467,300923,66330,726915,766265,805140,546465,164777
1210,40429,633611,58728,75490,288994,755569,277098,1013156,502032,33938,317396,14142
1211,222573,118073,785972,891778,538566,982491,804841,296675,458404,731607,212748,317674
1212,967971,203749,620061,953355,752883,912959,874049,43412,998033,155587,178926,682864
1213,384886,635540,686370,964404,155163,287520,432909,563906,164925,71755,951972,564443
1214,893508,628347,825131,89097,1037508,75055,355959,1025568,194981,171369,60921,535475
1215,756420,531789,800656,26847,77358,909063,516904,79611,171929,521930,1006385,353383
1216,829785,923994,43210,53108,171220,613525,213454,158211,572923,1022168,262397,634662
1217,312173,166341,388243,869673,263592,1041108,735611,636995,193996,687909,433339,601851
1218,1043327,719718,512239,448369,875319,435829,884169,870570,17097,803110,733356,192799
1219,335188,763006,877595,23872,43982,394026,219183,759899,603522,968225,469336,927061
1220,882702,446948,846539,484327,609172,455375,734304,264073,531899,900796,101051,729135
1221,618596,131758,495824,281369,350691,566976,324663,983827,76731,635619,367024,906480
1222,687283,680786,569425,945278,827536,906157,895337,655187,714429,233277,379502,183326
1223,835628,242083,193477,919960,1023863,612008,865147,638352,988714,634848,108098,666243
1224,690730,582476,1047775,326844,180471,768116,800211,401987,906384,806402,587985,805385
1225,828222,978362,234169,1042250,49014,638532,664188,898455,973663,789953,1006901,768046
1226,196663,72108,432268,283926,382062,798616,426906,928995,913629,192671,362298,778550
1227,620473,861198,110207,37361,396719,442396,869191,20979,142803,430322,648061,780676
1228,912489,768848,527492,894933,39023,72859,47406,1014337,50894,660648,174836,483324
1229,617624,857014,741833,96388,623462,292180,164472,573279,138008,80225,365779,781607
1230,737545,785911,291823,808326,389025,762609,929190,271923,719825,720429,116232,585930
1231,611005,593662,537028,850075,706122,286295,1023488,129441,79730,101519,32060,548714
1232,891699,934594,510999,593959,641086,257770,158773,354700,739695,365610,738466,917134
1233,116782,465386,510169,1007538,771085,302499,3633,53103,752979,1035362,654543,285925
1234,741553,857620,488843,235340,574805,366297,870301,420734,688648,355703,525994,659842
1235,412259,794718,338822,823723,323523,947872,638549,923929,504819,63358,1009161,847558
1236,969403,1018211,687587,866646,839354,194230,18928,988147,756437,963716,31441,1001748
1237,433525,22969,1031561,777831,863357,591800,472898,511537,46316,21425,335702,29832
1238,710673,458966,940052,735617,970576,191142,11661,2405,261541,898506,251095,164975
1239,689886,161537,728596,749906,198252,271372,243647,903493,790748,405995,112571,61379
1240,522864,609337,985242,13642,217433,829355,543287,971971,415033,887598,440221,716827
1241,442230,59088,266622,501827,846362,820951,996633,403510,225648,373428,446415,793340
1242,480589,712628,107690,163601,973175,362577,248180,359897,317217,698644,224925,191368
1243,307616,724603,630637,981030,832509,68608,224163,691528,410913,606159,543222,312627
1244,669046,806845,84175,908771,76993,810133,362979,589761,478851,655113,313596,647819
1245,15989,562367,954583,137050,312362,103471,483085,617578,938252,924421,307283,763121
1246,125570,792540,805738,85343,490377,20484,506078,931077,933426,338020,45121,629971
1247,674512,332008,747576,457155,261993,703094,641990,814391,341981,993774,515630,724648
1248,460938,343358,49156,394967,948134,580601,289055,317162,938318,534115,723943,551112
1249,392152,332712,943915,590436,481864,345652,63011,916494,907675,677996,119598,558129
1250,922034,171239,918295,64504,683838,933732,679057,203359,27810,122121,318959,1007910
1251,614621,336432,38612,593487,222088,590427,467722,111073,388480,832417,840155,1032420
1252,396514,1011398,311570,834316,268174,610447,101081,996611,930857,987010,156686,67322
1253,362700,214938,580504,34159,837868,328045,13080,877577,105129,433527,837210,33444
1254,487059,135955,736895,937826,204203,628911,850743,196931,620274,436287,785545,211554
1255,46481,544253,767187,899569,69935,92422,129005,382638,233554,192775,14656,1038981
1256,473245,874279,68952,600623,315306,850204,385035,235356,873643,1023548,891898,782345
1257,930668,344326,324956,727860,741984,932935,419940,928828,11839,2975,354945,377401
1258,598079,528896,498727,1005691,83569,285579,970294,780937,600705,116172,164407,260968
1259,587179,695614,289928,230590,697280,511316,51443,68140,653510,301744,692752,216668
1260,53073,450855,641299,697591,240251,127902,906389,918936,733120,837071,259120,182377
1261,869438,183091,28151,415931,625459,6794,644615,104975,170714,647679,812932,49403
1262,893620,483152,797249,867257,792542,279580,80394,61243,779072,74005,1037734,82155
1263,825321,195294,436906,917170,985623,884796,259449,389482,305753,886669,687165,27689
1264,130058,726908,648316,33359,853392,527885,27802,995698,497154,1029772,433911,637434
1265,1313,83633,688592,345055,948748,515607,34451,739447,512148,82753,388997,675915
1266,353679,276398,857700,270259,750292,581045,338548,152474,703100,813147,307966,5169
1267,284100,598330,857328,339454,93994,999428,523171,921591,29538,301886,28564,640523
1268,859210,850405,1028265,240100,77211,763544,456263,960626,225866,835794,89922,452379
1269,769330,764883,647710,338560,538188,255581,399582,641239,602774,464906,219195,930734
1270,983019,713855,304163,261620,525161,250760,399233,323904,763673,1003480,173597,81191
1271,911729,501423,807550,551386,780941,532892,508136,223329,495156,21890,701491,102129
1272,955473,666645,199535,193396,380197,521144,292811,381910,1032753,661665,631557,739433
1273,129744,874436,695472,220998,756734,364217,614139,583637,14178,411371,872996,837974
1274,536059,174844,1752,361469,6573,452988,59016,386489,936704,51910,123843,836208
1275,126453,46338,17841,817226,695828,558580,881037,126634,117153,73980,735470,607867
1276,787247,312287,285791,1038695,608841,987857,288082,1029554,284930,962162,944071,313943
1277,447840,857547,98319,908297,429457,135491,1037264,613963,828135,721230,1002337,998058
1278,1042854,596245,455227,400732,493098,109803,462930,377902,225284,83691,1037081,221581
1279,948593,992543,138438,1008993,687510,234822,896894,794026,1047139,947365,504217,275605
1280,725636,417438,999162,587030,881282,387334,191356,283947,930175,834066,611527,769014
1281,568976,560285,875388,383659,455282,28252,799302,742510,718,839393,374559,297919
1282,399458,340711,62984,521210,967763,454873,824558,628987,549545,955076,543018,620856
1283,734637,593140,62966,539512,509781,398144,652990,385250,1027636,153207,981295,282972
1284,756570,22803,77816,518660,557999,458682,470408,128127,155042,53759,750815,118335
1285,308362,737574,428076,922213,793570,59079,60618,384534,494841,348339,306600,640250
1286,171166,884798,714992,66903,977775,170442,107733,718024,369071,503038,33846,865920
1287,128088,844750,101886,482451,889007,895900,626776,282958,616005,936984,944157,681033
1288,82303,296010,448360,765105,324127,496460,48054,39611,384616,214042,1027906,73636
1289,630371,256457,355392,677585,324689,252096,323383,863755,917504,664384,28544,510874
1290,177477,454952,209137,134954,679613,650528,932597,603838,876927,129453,905019,838079
1291,574436,646699,270092,813062,635398,455351,915077,977646,679084,1011839,821860,387704
1292,884971,11753,432912,826108,944615,79898,988372,605765,546165,589132,394825,65942
1293,809175,163694,661581,331232,862192,628024,414919,614809,157096,123820,528985,638512
1294,237791,724661,942142,89705,954385,588978,164444,218182,288365,296349,581401,715454
1295,688716,32493,272520,352287,242556,348393,975901,25807,459234,697867,980400,322235
1296,461038,880656,929493,545115,133024,616366,41198,947307,24341,422357,814737,658159
1297,340885,411798,667364,172883,945984,169745,995325,669514,636288,423936,732784,682966
1298,979832,486476,319401,554346,487372,481233,357100,702017,315212,734891,161226,838311
1299,200771,475301,782821,205269,994327,1041175,481500,57324,1027877,497835,1044192,838960
1300,329500,371613,194369,841411,922285,813676,428805,732556,149724,566034,22902,535427
1301,121964,795778,532867,517862,148559,518133,544826,923936,186177,385963,729736,381127
1302,955592,914559,198705,730889,672967,234396,652590,658432,146342,52688,295306,68806
1303,514284,920154,395547,506309,996612,715340,198677,223001,822741,766735,26374,243791
1304,184050,916910,954067,759831,692999,49271,814203,901705,820627,184238,759278,968729
1305,547467,766096,788527,905444,254680,840889,304694,22663,999875,956171,437266,735080
1306,633870,512750,317438,712763,106474,357799,631437,849325,359705,929952,718796,830777
1307,397244,655602,613852,771589,734947,596633,650976,166599,884420,673060,747553,637013
1308,171715,622823,917803,472944,592486,752084,1016463,569000,500851,136602,71705,466240
1309,290601,282000,975514,703426,490424,647808,990397,171522,203778,800774,328190,458652
1310,866417,903154,701497,432247,180267,389913,746515,265629,7658,678041,460909,5265
1311,748916,551355,481718,490022,819048,746624,185189,873918,714859,176527,855519,607864
1312,239350,119028,690604,9166,775178,794478,979686,1023893,833517,656420,243350,609652
1313,336784,128723,624916,219830,173781,594052,435922,263251,1009443,269849,897501,225023
1314,21403,176187,239107,152795,1035834,34117,196565,240385,987225,96467,639102,656469
1315,404271,900319,625124,573555,547174,8591,387092,569911,295948,55474,887916,150440
1316,583737,511817,353135,926948,706302,16070,599403,401234,404832,771834,390203,103443
1317,750778,509806,281291,322827,28867,335697,155658,826036,365166,1031674,660930,740682
1318,154583,12384,753915,883712,816314,603719,920439,151960,684374,175853,993228,917858
1319,949353,293486,729265,1002815,335526,582042,19699,131204,333691,838643,59066,349723
1320,431393,764688,361981,620406,98493,157250,238268,831473,1004340,456109,166069,579639
1321,719400,659798,995491,528205,161532,303460,44103,831593,730016,569192,318675,749551
1322,784482,1013396,740610,802564,55907,481481,1047682,471475,102389,28016,659268,417420
1323,764732,1009027,976478,520575,509336,52116,577429,452985,173320,616478,8932,140635
1324,912477,814792,800705,671740,257395,987916,800949,362086,416063,916233,91569,667484
1325,999627,994633,230765,877636,187063,61139,180316,628947,7150,909127,262223,428454
1326,948899,808805,605890,76515,261391,258499,76833,681053,841453,135031,701847,405953
1327,316707,539418,400905,303254,393692,556199,202074,823445,749440,231114,371048,2337
1328,810632,297698,959318,605910,645019,230682,853508,24475,820002,78329,570658,63894
1329,708742,412695,76365,579930,889329,889525,270887,534006,314965,46910,470135,958827
1330,982667,681325,937596,764410,183962,724915,513357,84491,800677,639900,185743,469091
1331,454650,46651,975201,511921,164040,738411,571869,114000,178224,828731,752896,527201
1332,111900,512580,452817,806375,626630,260057,63628,621037,662377,966689,839082,491906
1333,994196,593282,414813,703594,999478,41063,973387,172068,787699,23476,283527,786431
1334,228161,285998,764558,388794,322935,214237,888695,258863,539207,1038077,353736,98251
1335,110727,424561,872709,108678,844727,90400,21744,424321,703943,145939,324307,118496
1336,265309,330550,92686,652032,295492,31302,273378,867223,243537,1027680,449580,481928
1337,980961,227697,746809,286460,110755,556117,967012,401508,416241,512473,1031790,953442
1338,623607,822308,870349,940088,623748,87793,26868,812922,733125,696066,982322,239770
1339,791321,198894,647974,1005987,107774,988637,784329,161966,959543,604049,653749,974478
1340,148089,776420,972265,283478,530282,581348,300118,132325,426072,952991,706770,21918
1341,567048,739800,55888,682525,923781,567398,732522,657905,763265,431411,140861,882287
1342,987470,809418,887588,430726,856634,432728,777550,598040,691468,895197,619902,533889
1343,423413,334963,492529,506284,678045,599598,1033431,884967,30650,23885,380111,566244
1344,617861,416867,650877,262235,832332,900214,394286,144651,418654,1035999,962730,446934
1345,71668,228979,485052,961205,912802,678839,426045,541057,854665,617729,911712,821761
1346,611901,989426,830996,774634,378815,525855,793130,664977,134462,875387,441131,596738
1347,1008079,273693,949305,415118,341927,355955,533658,388575,257086,120875,723028,847326
1348,436296,109327,521611,945000,646250,825633,52710,313361,725513,70977,503453,706987
1349,215825,110244,1003675,212407,857316,195013,318651,344763,779027,193835,219543,137471
1350,211301,333323,826536,372921,1034460,933108,309966,972854,717702,644110,110001,580068
1351,277329,539716,83144,862613,570636,793609,275612,105021,443554,576097,50560,178668
1352,612893,506075,432424,87518,831889,989424,28533,603464,267689,222100,694625,11447
1353,271618,350628,289116,655464,636240,657087,847265,579303,651547,422917,1009664,850959
1354,786809,750578,191501,7458,939773,78283,51183,701400,178565,347372,749995,924579
1355,850486,16586,504223,788097,365637,561140,147440,149476,628629,709262,763276,418240
1356,229054,926856,778244,20852,43810,704635,687383,1021882,301587,198257,203190,343503
1357,354296,187188,790914,209777,341296,847821,519810,338656,448268,991111,985193,763285
1358,591119,414915,477682,774372,764082,81061,548485,709031,639567,546947,300691,408197
1359,7622,938939,123668,60259,465323,89756,850790,165009,187884,487677,299062,29338
1360,632290,919687,171923,847488,903408,404047,1044160,604237,934957,616637,522408,454723
1361,393410,1003804,973207,960247,724611,622014,1041551,475538,867692,194447,598481,976661
1362,105248,629642,299266,47265,901919,140099,951422,309512,252311,53968,618957,637805
1363,932434,292419,1040797,665054,225683,322270,164354,919520,524602,11355,775483,177314
1364,123697,456348,572082,757597,563390,196541,95000,551234,883276,647740,1029166,728487
1365,879366,196094,672128,875212,253239,146932,194664,90164,140412,967808,315613,106224
1366,418256,1001224,519130,226141,580153,692347,824111,405636,487721,687923,417449,20175
1367,417731,502996,591615,714507,423170,221948,891117,185778,849957,1025852,959867,538276
1368,402868,176170,672262,802371,263296,232504,906478,89738,417060,812709,148182,253582
1369,270967,274285,169181,635612,272135,794911,300048,381509,35287,234655,935529,334463
1370,494283,825393,307747,236217,43863,670264,488760,376711,619331,1002037,331861,529331
1371,313934,93150,744604,604775,174116,53933,933473,495282,853181,687036,395692,115434
1372,535301,338381,329037,332133,861241,36642,324282,461716,1038580,732286,33385,213735
1373,966222,932904,979047,741699,628651,506808,219136,161084,247053,699415,383795,756534
1374,368110,34533,797366,544549,1008114,77421,232091,91553,338563,897299,1036929,906138
1375,185115,533455,298428,541052,34582,681886,931927,949020,2098,758593,215226,452244
1376,278926,594018,338973,432240,1013755,239092,432161,130146,1040580,410868,633997,155679
1377,538264,789339,847854,623726,351610,561729,153865,909564,820131,761381,955208,774806
1378,967091,65787,53915,430595,108262,819559,556147,155664,660288,247894,112012,911121
1379,290656,517737,201851,425948,196950,72404,329063,378582,969404,600891,571690,661281
1380,355299,1029667,838308,44138,990683,665884,380877,714694,135416,609497,97024,162308
1381,491516,275282,43190,236623,305896,887674,512673,427891,619491,407410,678845,536181
1382,663413,215374,847841,380853,421280,598588,108887,893437,502587,153990,191234,787932
1383,210193,943589,864169,600705,314794,66485,102090,705710,548112,371368,96660,489116
1384,603538,285611,503098,979728,487051,763141,286426,772254,959913,71491,761713,681301
1385,848522,349772,675541,499997,179549,68195,201639,860954,210966,303495,940775,639289
1386,206388,504038,254452,574779,470879,942549,639114,464651,116084,683910,1005805,417477
1387,90964,599723,190695,323099,198332,541997,622155,455070,630018,1011395,375106,113974
1388,42211,714093,464936,442548,556451,881347,359406,20511,477626,567877,935182,860578
1389,533485,460207,422693,678683,786695,945988,428629,115303,817656,424559,343382,467447
1390,304772,34046,990390,10013,298204,98480,655287,713236,246492,636449,577979,856679
1391,987683,1032642,757247,842725,100154,620507,661626,19111,968235,820490,8532,833138
1392,670935,418977,1046379,108798,456606,130484,384635,664437,276916,202378,242166,996153
1393,778756,547446,795682,740812,427959,1003198,740890,504093,917203,761114,893791,141439
1394,338701,389877,500865,851070,785744,918666,268031,138763,506668,1030435,383587,994388
1395,469609,427456,37699,488774,334023,786520,948781,370714,1027881,684658,796692,628486
1396,301307,303176,29656,447437,557259,1048290,851078,28034,147858,878129,740013,493348
1397,572291,82734,732188,955869,37374,1038980,297215,413261,653927,851976,407188,584862
1398,658675,230206,691088,440700,379750,540557,204362,217993,659697,391394,917711,647762
1399,951156,838070,218740,496072,192582,241033,604323,908016,270657,719907,795594,449426
1400,904533,663733,90775,473891,320574,584748,981262,222340,291069,18491,198974,778378
1401,314692,970043,920092,149902,795164,296632,420222,1045177,840144,49633,64186,35972
1402,174386,3729,721401,360599,449231,1022463,948256,450599,902936,20073,61827,444275
1403,901091,177853,255970,327845,842270,623264,764213,1005949,842038,452947,335045,635216
1404,55163,38346,1005010,688297,190623,454225,231760,321468,943692,851161,418249,320218
1405,1027968,182302,569065,154403,893166,622149,812643,259267,83538,195503,923696,336456
1406,807103,418799,463439,193161,466040,929929,359793,303709,890524,444131,308463,191371
1407,846029,539880,899146,610026,509468,673164,418468,974049,915019,138242,686580,650758
1408,152222,1007979,604134,87751,786064,605215,13916,107647,789616,304199,693136,1039433
1409,220706,236066,177953,855588,239436,812875,415928,581819,639146,963754,881633,188131
1410,587084,46728,561988,488499,247843,62354,529209,1045561,814098,959753,993623,132830
1411,339279,512093,374343,520228,238620,118435,583561,552373,347089,662571,460958,370828
1412,442089,853866,957867,3193,359475,77287,433782,613696,876329,474071,538276,220171
1413,610921,803639,466415,547890,280347,48000,502940,522,632947,836087,897655,672000
1414,279040,462376,229304,795716,818593,729891,50859,637251,935461,621315,370159,616678
1415,317366,936451,330209,475189,472847,997285,253904,464178,344424,294478,670666,346792
1416,664407,314596,74693,44955,251656,1019318,846307,157217,500595,279037,85197,178881
1417,71086,897907,934016,547380,43624,625556,437157,443773,169356,57476,266971,120579
1418,226783,872029,841501,821080,135923,122883,678275,839135,11610,33993,864603,787297
1419,984082,497279,90485,15172,515384,860712,109900,1005851,188293,135829,424179,934901
1420,507391,197709,209763,547334,238329,70002,417658,280442,388225,113374,141444,837913
1421,32386,307656,953819,60654,960632,387449,646501,605594,997810,251752,361165,933009
1422,421077,823819,978998,613530,1033509,958090,582118,294114,1031723,101908,320992,934645
1423,821969,153132,488406,101763,658721,227089,665258,763408,195182,1020630,77426,991678
1424,314275,839693,896902,555752,953748,213157,966553,623151,289752,174460,259339,512947
1425,193495,604042,737,71852,147749,433948,846418,495496,925883,709938,913811,617067
1426,689612,562053,907942,724816,970645,315624,778777,333081,953247,469003,393906,681731
1427,455336,179795,874026,989159,947296,629324,675399,201548,399682,512204,748302,766143
1428,355281,621370,630482,261903,782049,493653,869094,704996,363864,253981,744955,421797
1429,868256,288655,530051,335769,43760,536526,928056,10524,63069,405620,709773,726260
1430,178298,283691,1036564,492287,1022222,642766,907367,502671,543444,214294,725219,55679
1431,363720,617852,407667,638529,723002,694425,59427,637074,465103,183926,528384,382998
1432,1027917,290281,282230,972934,250231,343225,793672,644177,171568,732098,635493,427819
1433,705465,722952,15456,225215,744914,790093,279494,148210,327196,333433,352953,841743
1434,763262,306249,293313,785429,748247,676758,913473,446010,410402,684906,905393,809865
1435,267542,368236,111628,134550,73467,831116,967861,15795,138320,75587,818936,841802
1436,9938,977139,139000,989833,606713,743256,422239,115438,590098,181612,766896,876276
1437,818341,989898,83263,568632,793744,411188,942660,437358,881702,28297,911371,792217
1438,240537,532196,988314,840631,867839,357037,268819,699190,239340,220462,762109,684549
1439,851782,942546,762883,1045387,198478,354148,612029,1040995,183035,867453,38153,187657
1440,307480,516415,589094,773918,901112,636241,1002276,421400,558956,834448,764979,154146
1441,965508,911513,146155,859827,97576,1011865,968676,870530,45167,555296,485763,940259
1442,22189,731413,288317,140696,469137,671878,455903,242061,671479,168296,1024707,720887
1443,238517,499073,989168,194872,151292,955907,1014278,1023193,420575,988792,1002753,110684
1444,809692,241304,295180,554118,496394,912940,993049,684109,3455,1003707,590243,58677
1445,841948,861420,409660,436030,31001,272689,760590,990990,527615,880848,994599,990656
1446,150480,636939,164259,640886,126346,927586,77246,7351,647877,61152,968186,125355
1447,136331,222916,840319,402736,809106,110580,719729,784292,435954,1042618,81701,329924
1448,964029,299108,711023,1016867,595693,80399,938712,766091,100850,107518,757806,152076
1449,66423,975456,806029,539360,408310,107112,94834,842043,607005,20373,525407,581397
1450,917926,138763,965498,925998,547351,879206,468093,1016563,60076,110640,974650,699312
1451,40596,544356,114246,1004292,567569,908899,217846,504981,232609,969782,909600,868234
1452,579518,564680,568866,515764,247174,253539,686680,294315,298709,370241,291130,331740
1453,89774,613671,465345,600255,527590,765495,304724,204430,12624,691070,475456,597128
1454,580480,691386,926045,646284,406969,199867,687836,43264,433862,761529,401694,410606
1455,289488,155724,51599,937360,539395,184521,220825,704993,1004811,258375,589367,128874
1456,40830,800778,770225,805255,398723,642127,817955,716428,695248,487894,70347,391813
1457,686261,545332,12164,620309,13080,964545,658969,620807,47156,519353,988166,183055
1458,539832,462190,275634,828768,117110,318611,385500,811744,358790,818285,913118,990588
1459,85186,663653,957176,553753,965053,611468,925232,977644,910779,466766,492939,640639
1460,355355,252232,262107,336773,359897,60401,869255,856165,311958,682822,493924,1027448
1461,842933,361282,445757,130718,174516,243883,644598,903879,689341,295900,997079,967228
1462,176496,159120,240949,959045,109740,536155,986427,67974,476270,360070,763881,141586
1463,53450,626565,496807,5681,518558,556279,753958,335336,956894,498202,711342,270369
1464,953955,317502,499447,958415,207672,212350,128995,179969,427445,751355,302113,715030
1465,466643,1041389,739227,903491,247021,396343,99395,418584,79593,60144,790889,387162
1466,879529,376348,5041,229468,1013267,739698,1001322,568048,845736,588154,399839,209700
1467,212680,57974,349597,98154,79713,434149,813323,749264,510331,778224,561302,460881
1468,121659,524968,419351,158546,504382,700668,2234,271690,884571,151262,364284,442181
1469,678620,762652,891115,489491,943335,575049,46040,451940,620321,619990,619272,48507
1470,915099,353527,137393,726811,828231,19164,883986,822851,483950,1021241,936444,578824
1471,532528,1035187,150371,226567,426185,518766,289629,44677,647239,123651,124124,109520
1472,305964,508586,426032,432244,746204,466849,2250,351055,160081,416950,590094,28
1473,67527,742266,817000,153635,27887,508282,314459,828296,79850,168313,917807,877495
1474,959786,44239,1036257,779433,401260,742915,811659,554440,337167,242966,984206,500606
1475,623502,74946,106361,110539,846135,388426,694070,799284,454225,716071,988330,248098
1476,407250,1002808,739719,83525,482990,822052,805636,1002353,749392,341641,733897,994420
1477,314143,612300,183845,984678,681648,750968,378180,852584,386705,572030,725180,149697
1478,784164,86059,583297,588477,806640,648088,817490,898144,649781,297652,92326,459155
1479,833881,617109,1029887,309364,616443,455886,513251,614700,116615,387249,610107,408408
1480,194071,183093,766808,765271,380989,360178,81046,336595,707769,646220,592788,752345
1481,176908,487555,342617,321073,302384,438313,789252,178638,625323,317438,229587,253427
1482,569407,746808,462192,294740,1010419,572145,763493,641540,637371,217230,111680,800547
1483,816628,755828,740834,720577,67713,223768,449196,164271,182209,701386,241921,577169
1484,785675,392068,101818,920213,929544,877560,72266,828306,1040433,167214,61818,1013114
1485,189924,640718,125065,701244,656763,920511,724890,47829,833455,47065,392933,242638
1486,497668,1029114,874912,178864,110635,87959,965829,596775,550833,1041116,415800,732410
1487,679177,511,815326,90525,79753,209182,547012,123508,402317,462332,720150,469229
1488,600704,877967,928329,759880,438268,397960,779624,623393,991694,797138,972252,335949
1489,883153,910766,791619,499446,284673,605520,297952,243042,562380,434046,113180,662915
1490,177369,861706,829814,1033288,900679,688895,105647,1010579,163981,1009999,310344,152424
1491,999735,370623,214584,426795,873817,846634,528745,517984,885230,430372,1044242,701469
1492,413144,490789,519699,589289,434719,329082,78449,1016398,1013302,89534,38652,222951
1493,25221,184180,622718,63839,432294,375231,836058,358549,986118,668035,1035045,749100
1494,260642,501294,595660,651248,217878,265832,339947,941950,487357,301129,870906,732104
1495,234383,401607,609945,803917,673389,67078,1029773,882984,995711,223486,53776,809052
1496,643138,498704,396937,985433,419902,354257,882490,851795,1015436,186345,957239,29684
1497,130991,650995,691731,934930,163085,617009,173479,450307,646752,194666,791493,31061
1498,693720,187236,512852,10797,303492,946333,1019870,1046217,1046879,877429,343843,583701
1499,632977,30840,872331,842332,44839,739952,943077,7517,746170,360932,489510,560118
1500,931317,654914,744001,408256,966631,957978,778235,351969,206922,12697,1016041,229176
1501,906044,35625,583653,968224,276244,237327,27830,45692,594741,626094,539111,1043032
1502,362525,267239,291578,630036,786477,650056,524801,385550,861628,449359,317914,114463
1503,160558,138520,1026986,786527,907872,657621,501978,996645,927808,437130,801909,1021051
1504,20821,703096,738894,565696,437462,157177,297557,853596,400120,745981,475216,877440
1505,65763,115293,1010850,722108,171476,819139,721198,681338,214784,745218,202245,683509
1506,32580,279849,888017,846570,23851,130131,106235,127767,549399,70474,82089,30636
1507,441469,1024794,1011544,61740,569078,1021744,947210,913859,905432,574182,711353,550712
1508,464499,328764,572708,254930,57855,569646,927313,350125,24229,897658,904563,439293
1509,660747,693297,27080,782880,606707,373673,806440,999702,944858,251764,683377,303787
1510,580066,399303,854604,11284,548345,1036534,34026,30221,349319,584835,965041,173423
1511,848812,687820,1048271,645131,977411,86894,119472,661045,753414,781813,662109,207881
1512,865675,946461,688670,872387,919048,416178,385896,16566,916765,201986,420666,150135
1513,1023589,168416,1038711,372738,357028,124553,491143,872531,437321,414128,109084,66122
1514,634292,958164,747059,865232,767354,554996,642309,577663,960918,479860,611717,290435
1515,266642,168351,596710,338509,660219,609019,572152,473905,893676,638334,824650,681556
1516,764383,1005154,30467,637578,368201,408618,413660,125775,235189,3299,731439,211695
1517,5624,924469,478666,826998,111846,991011,585813,649245,155654,474180,567886,877725
1518,429491,772207,691407,960727,1045925,241376,103735,322126,630557,635970,460400,600704
1519,1009718,829718,674803,328699,223644,757782,213225,395362,497827,240530,621421,1045096
1520,615215,302328,584192,297041,759057,399130,56959,889485,504253,630872,539933,646900
1521,850399,214310,61401,942300,1001210,664477,284748,734471,995814,414913,200595,8490
1522,809933,861196,509856,5016,900996,238456,906637,984271,918950,909241,209153,946221
1523,133665,544466,609958,524892,772687,799606,1005806,957008,579625,1002073,838259,172485
1524,662617,778681,676271,675525,707755,834821,600211,391616,719009,922690,324871,460018
1525,751169,306098,307164,988248,284810,786156,429294,1009701,777714,326835,76769,124829
1526,773558,683730,468778,1041113,206581,765753,419308,388314,701989,1009744,798767,138280
1527,260411,229007,596871,942773,888465,495237,436532,589595,482136,801730,386361,984246
1528,977485,396566,732648,187536,399562,9764,805780,1037886,809485,373546,975366,387461
1529,773209,698400,989785,999598,507669,113746,243293,1019942,79854,709488,339593,220623
1530,150205,145206,995189,845631,512552,647967,218611,234374,1017293,413652,495699,639218
1531,954743,696556,827392,864375,120382,567543,52119,335096,486177,102490,968297,244413
1532,658719,318349,916646,873148,902762,650738,175353,820528,937763,5122,534010,966656
1533,235627,358378,970410,381284,686756,592469,819448,382970,913802,1006665,297362,9274
1534,196530,237942,316365,862793,468265,532552,32939,724792,781473,363282,380127,113921
1535,623004,124843,445116,626049,147307,78650,351815,592301,876184,582018,143226,830457
1536,733992,913810,63201,898719,750774,361172,320817,430851,754257,677094,888334,647282
1537,414840,942052,378467,217322,985490,798656,311676,896305,414688,647435,681019,662090
1538,851594,345596,879538,557459,663725,721371,131564,223756,558979,392804,484795,805377
1539,448089,337119,88473,545772,417405,935146,279624,971531,910333,606624,671912,613398
1540,170515,40894,424860,272277,853845,480284,736994,240854,522599,720646,474911,626079
1541,203591,169494,851766,885931,497864,504628,510733,1047056,1000410,896346,307677,455489
1542,677178,997817,387818,854587,150607,92124,744835,284176,224815,835129,18822,669223
1543,143047,849219,104454,889432,504045,256938,1033454,89507,997490,573059,434762,139703
1544,144770,1028506,647822,609990,839284,22387,965569,24105,97135,351351,919322,265327
1545,502609,502197,597630,782452,744637,81942,554986,267565,635128,452928,767248,120502
1546,427102,718250,582220,34413,303878,819961,638500,693210,969165,604726,867609,902818
1547,300883,890184,829692,617214,520988,453778,913693,357159,277581,152063,542559,964876
1548,582409,912466,607743,806090,618524,1014793,331662,67577,90620,588850,930584,958024
1549,306495,997642,518815,93827,851338,257568,530217,333981,328943,1006422,143029,622500
1550,373971,288418,489242,986593,554323,934221,444157,889821,932224,418478,721134,796487
1551,870520,89266,168988,920502,44792,436572,42860,770177,981275,222522,835297,383839
1552,488604,517404,779194,386861,293134,544562,915513,827457,609565,11801,28683,139896
1553,964057,421849,60454,749999,605022,964059,428018,332302,780710,860694,122731,79312
1554,1029433,1008582,899674,613451,839669,988775,31918,99543,344441,941220,196626,381959
1555,52793,504454,544667,57969,995376,198322,323110,181999,759890,669183,678540,554483
1556,634861,342936,332617,609426,744545,947699,303392,1004951,801304,79576,1043064,1047693
1557,230552,446261,189161,236513,293130,732500,1012567,1022356,649598,771548,948840,55154
1558,347282,287335,661988,240265,996583,217183,798049,790488,233360,129929,512673,552410
1559,850907,792342,52432,1030925,923064,1001980,656726,127018,983642,283668,887546,256078
1560,232146,30527,851524,406190,541878,58555,867011,483547,809164,1029676,596015,869761
1561,805383,938556,276997,644931,1037879,987874,606352,705967,748032,647195,389295,1016657
1562,739214,152458,300039,508567,296773,429249,292735,240525,1033547,920717,832320,497954
1563,529845,405967,767676,786137,913675,469037,453293,1015616,277127,35436,1015082,89122
1564,33139,313818,22653,539426,554040,576446,966153,1029138,806077,140440,748987,21329
1565,273651,275536,552808,481745,353660,337491,77348,899940,509417,873565,698467,74032
1566,295240,23480,1010306,949092,657846,474148,472486,810893,992610,244229,1046238,831964
1567,327941,195208,612498,77730,798663,735872,605683,847044,106355,702304,584911,430768
1568,263790,92501,782531,519350,330299,682401,66714,966280,273319,323314,66721,892460
1569,910683,46312,290203,362492,539358,131632,7259,777501,141798,956773,568452,123319
1570,819663,508709,717940,505377,604048,835963,427603,912703,277905,777245,869578,189892
1571,799052,218544,658464,860091,235766,851976,491477,91063,488248,475923,680566,518935
1572,473722,253700,613932,924494,563484,257271,589677,442953,113107,1015434,250024,81427
1573,213773,31585,785645,1042281,16407,658656,524790,323411,605594,913335,94072,780436
1574,260663,111668,867303,16973,565447,893407,951675,453832,485004,433952,776900,542706
1575,167700,1005217,447631,738658,777021,71054,89759,1040340,644338,681810,860876,990539
1576,805843,312834,376599,28860,707127,1030199,589947,1014530,886752,911652,93428,30681
1577,998787,1009927,217113,139366,244958,346149,446532,211939,786289,366173,697030,386984
1578,58991,685298,702966,204303,243786,811678,280502,841282,135453,807399,208057,555555
1579,736061,49693,212086,1040948,423387,255053,14014,433780,190074,616826,639150,1023102
1580,32572,525996,338411,3824,731517,196323,221182,821872,711542,531058,67171,966081
1581,990918,510620,55564,192821,614883,302623,580617,844071,453705,1003464,174903,54405
1582,899230,544104,78969,740358,849103,208160,186689,1003793,786644,858113,99703,434784
1583,644180,509689,643542,687521,768177,625176,502190,223816,984594,1011763,3419,262066
1584,294480,569263,154848,348232,1023798,207107,411835,168458,952727,198784,570567,278432
1585,460201,566931,707488,397579,438830,990718,346562,206183,127371,151447,647495,538426
1586,906625,459987,468179,91231,633390,469356,538478,945077,987117,493877,732669,354156
1587,384974,161018,383188,135708,620761,47928,551194,1041996,573202,1002206,983962,284248
1588,820331,500181,327332,11049,452284,759064,872698,743269,255279,371908,960074,888283
1589,581218,1008587,161478,800269,751864,337768,596129,683416,604205,187933,967465,517981
1590,731485,449552,404496,513218,564312,49479,1000060,678404,224418,223225,19771,227288
1591,391604,846179,696448,453987,492506,359325,500110,372751,219887,517781,354209,572083
1592,752823,1024263,498175,197789,625638,1007583,484117,884949,708246,370467,611761,123320
1593,605747,831134,33013,965199,857654,588094,58268,76323,359223,503907,853608,759321
1594,1005575,94750,443534,39295,866886,424326,452517,448671,877735,123851,175910,1036117
1595,328883,408195,684232,631661,595481,930656,311521,8139,265304,764756,736702,997899
1596,316868,682645,998011,951695,453762,138206,941156,1006518,924084,153471,1046232,53571
1597,450932,475808,701550,187956,993406,767014,962628,207937,96925,853734,249739,592343
1598,112526,226508,375662,626026,692106,903585,154519,520333,511402,778776,377252,391133
1599,904272,987455,179105,845892,149826,742277,612300,54115,1035234,658325,1017540,65492
1600,1021127,723398,684091,513389,587131,473433,825947,53356,688950,799679,839601,977879
1601,217962,666065,641322,527724,48231,367273,1030389,767753,573504,79210,205058,13377
1602,520992,936890,392584,140591,184665,202034,733100,45895,218991,254050,311390,351442
1603,26049,937724,500966,908533,417488,100872,823475,383690,879249,2477,765123,78523
1604,251505,420645,388507,646170,7929,627260,668505,1048239,441398,415218,134134,109165
1605,356512,116464,721562,305385,767729,823524,905930,707472,422446,591053,1028857,346741
1606,152343,147194,544148,719929,312589,676446,411478,438274,1023451,730963,205058,996526
1607,104237,994387,297391,79784,467295,221365,407234,539749,643610,938681,468028,211934
1608,1020413,855916,875613,781862,632118,176424,1031867,618313,679775,108357,1023140,150437
1609,398461,624045,581063,670518,109458,893424,472394,889095,246422,382281,643646,235828
1610,101449,593861,525878,652762,48761,776300,26428,256980,1020729,1005808,677996,746406
1611,746528,191434,148464,71597,381645,965776,412299,106551,927401,514357,270486,772719
1612,125038,195389,537729,198109,24433,291980,648041,872204,740279,233168,591895,686551
1613,989990,252065,248741,695677,1011817,911140,865731,391067,88101,980486,667735,174057
1614,138063,780073,552234,515420,497616,898900,524189,51942,938250,99650,631673,962419
1615,485018,253479,732905,347413,12622,419983,389096,901394,242522,407376,902950,292295
1616,259356,731333,458262,187655,823791,131542,455536,517925,109111,337500,745159,242601
1617,211769,942205,858878,240244,892206,427033,665667,996635,485453,720387,396596,496913
1618,849497,352445,120095,673226,439423,677255,582219,290500,151778,24364,821637,94633
1619,421556,33212,563083,777158,601590,7240,727673,91977,402711,886493,904073,626521
1620,490518,999663,410817,142611,137889,835761,702432,289212,54549,140057,702309,206425
1621,860038,412418,1003198,476781,810673,881647,894044,548026,747186,978895,873849,286947
1622,700235,993585,52044,361139,514772,364604,474789,1047082,828518,678805,261227,274396
1623,663128,780335,767018,585158,991692,77216,63195,677288,373581,669312,272211,802578
1624,182128,544402,537157,800385,966455,244586,787773,239669,1036460,329735,750528,459657
1625,939581,1033280,385416,1044343,25468,870906,500389,250254,878173,842463,162307,328326
1626,75792,566138,568922,800273,573721,909072,372754,375628,330365,45190,381286,847443
1627,144718,511829,389150,450756,286149,626418,412287,315987,978999,965952,116873,328630
1628,958326,594689,505874,459846,380969,7063,535408,815871,976019,839972,935125,436842
1629,877872,984138,338666,157876,1030489,653055,208195,630147,767955,160598,697412,716484
1630,320275,1027774,260276,986260,976224,4180,536812,227918,439913,867226,518743,237517
1631,1034185,132180,905748,306707,573772,316520,962662,426140,231352,22760,356800,252982
1632,344288,126376,854355,905603,266313,745249,879807,106093,904571,78767,760143,125896
1633,300798,962772,117549,721089,546722,285420,259093,868158,1042313,30101,85305,578417
1634,102043,55418,51160,539758,546748,280517,201608,258549,622575,536270,413800,921734
1635,31828,823885,138280,940961,713571,369794,457917,697618,1032637,277382,773329,909152
1636,1004398,788518,456532,346537,422742,572108,810951,423801,734866,111338,72968,561685
1637,883207,948448,1043741,677240,62620,686207,369494,856049,811409,735849,879651,175939
1638,539918,403902,964621,309035,577552,756777,947019,508692,533312,214241,643431,586782
1639,1020846,650119,921181,417409,751232,285925,241688,1002745,576870,678707,116218,482526
1640,589391,613346,430346,812724,817060,989543,44519,465876,117751,827496,1000765,144392
1641,665986,970912,580825,452502,320951,488684,474513,602594,146811,895664,309982,741986
1642,145563,10629,146310,145522,101642,689397,589733,460929,365595,134297,365360,355810
1643,272488,24003,934070,598879,590490,766793,642875,131404,982858,304502,859312,616387
1644,439310,85058,228330,855442,863269,972885,50262,562777,758107,828279,372943,386513
1645,1026465,42474,471317,348157,685296,775049,721517,24684,959012,504322,40413,83616
1646,458910,472900,130928,605581,133702,894563,515532,975237,585523,899194,218380,606693
1647,1014356,452600,65676,460768,533564,8544,178890,5998,427305,563102,872113,577128
1648,267578,699898,868295,345755,964973,737470,1041507,348366,198227,424492,248785,73500
1649,411061,860531,232849,475988,971221,750386,823752,133333,877863,867176,352565,429429
1650,992140,500571,669751,721407,609275,376823,177729,357068,327396,133601,959264,505434
1651,396513,873647,328304,718366,167925,803201,454984,489086,290322,951222,606342,63909
1652,193036,330713,320363,954646,112905,1018279,791484,953240,650068,854343,545213,80193
1653,925408,697237,775206,706096,1042679,463175,253048,246085,153857,580375,862214,296505
1654,373182,968005,861489,454202,54159,566296,214297,991967,434680,36161,614278,784014
1655,533879,135564,108741,311274,674086,706783,696902,115994,497395,773121,376519,58656
1656,1027016,579053,256600,818920,538958,369357,6271,724720,856771,373569,1042768,478217
1657,730094,757583,994345,43843,891392,173105,619177,92001,753345,915009,817093,139639
1658,997110,205976,164177,316513,408195,677724,731929,380392,524551,23291,754248,998182
1659,844523,120640,833028,614553,158321,704426,153976,403094,119130,847474,108172,392329
1660,499817,1029488,587863,343064,479577,132890,188287,392506,891008,391545,223025,370844
1661,587355,900387,902303,3142,284145,286248,304593,1042293,93491,554702,407175,887589
1662,886855,267531,82621,201049,503023,419865,481706,224062,997925,728723,957554,576679
1663,78984,627169,216353,390065,358999,156677,1035269,962160,609759,831605,162299,570256
1664,79197,1012322,546151,814487,380856,922486,443775,81735,787157,228866,302122,592536
1665,519707,151456,815178,760785,798029,341449,888720,182472,776561,1037453,182606,298184
1666,997522,36088,523024,839005,775465,78604,702239,600057,660524,498551,781025,965634
1667,822217,37068,398474,1040737,144791,993064,704766,359366,64949,832716,974139,368066
1668,282381,33490,532523,225493,275009,784187,924655,966822,198149,97782,373989,188511
1669,89427,705379,147851,386827,360972,164949,995953,501489,1035529,427962,587689,127152
1670,699059,86208,51326,902219,100308,198326,187307,889720,393211,826595,880369,296143
1671,278574,428365,453855,90612,140420,111669,235736,118474,303131,1029342,49945,1029632
1672,1019861,69905,89136,557851,29513,4067,87718,656200,493137,37012,78505,449930
1673,515741,641773,681478,701980,948014,385854,12141,541250,430292,893275,946321,172489
1674,459484,277155,488495,467652,550749,92803,964189,217660,554485,62118,776029,601691
1675,226041,59340,942572,1040682,735797,936296,314058,209144,531497,716100,323310,461315
1676,41000,753764,176511,894019,276058,336885,313048,414247,973250,887928,640087,329380
1677,810194,729322,913454,13388,824881,967387,815030,963487,723672,696667,516934,366338
1678,1031755,275548,327167,907820,623688,925090,42516,248449,428361,1044589,981552,56010
1679,306761,439450,891960,757407,334523,571222,243526,945274,126718,1039139,608360,563650
1680,194898,391127,122961,26923,232222,371425,838970,800933,915513,806255,239862,94730
1681,445581,698568,670081,970657,495258,483104,273558,837562,901285,695465,966778,643531
1682,127237,797376,815797,432609,760335,520972,283207,975840,171434,713575,365872,993177
1683,964729,601847,51501,252672,44772,1023715,568087,682693,235664,497155,999061,58949
1684,434457,1035568,180874,176538,459939,248213,303920,757861,1020037,348907,352952,660879
1685,101912,842003,642341,32751,377663,6095,769598,74870,229615,563950,865448,591130
1686,663004,25459,204531,689722,540071,249762,1017510,114681,796016,863499,1016379,7525
1687,857482,15225,686906,998745,772002,270887,486458,150821,764464,865011,838453,731564
1688,269801,676958,84844,904603,386456,856725,301848,1037962,956134,521286,921519,218121
1689,311202,165139,991898,612118,350134,24620,157647,691881,528254,913348,138080,24380
1690,808464,125728,772237,302285,634698,895903,409953,475377,352716,385165,616952,637803
1691,868177,298579,855010,828290,509908,230959,886439,216647,500635,692526,443662,255292
1692,448776,998833,531495,768036,217394,814953,405688,996998,483861,756094,316566,134571
1693,537258,559279,820840,261085,761614,545408,880814,248508,480074,467397,201768,150319
1694,303253,112117,264764,276924,895114,869980,957375,286338,205668,683484,869396,978611
1695,919159,555004,592440,678749,381936,168012,754530,729611,660588,524335,35885,857767
1696,871314,805232,426846,544763,393077,98593,279846,103391,585201,787708,586307,237465
1697,197864,603289,621251,857226,40666,531981,601021,734087,459154,216089,102543,603420
1698,990420,331498,367318,90079,44478,725102,319729,772533,804430,517198,677658,918628
1699,787952,1009337,295569,680051,293490,452546,922050,570724,591445,701192,711914,825443
1700,977886,625411,762731,102826,757302,20678,501879,769851,269802,218176,135728,638400
1701,767406,924028,172143,580899,754954,336929,851528,965598,759083,562597,971517,689042
1702,317240,1009313,155395,6319,582956,209743,538308,445362,492452,286164,580976,997324
1703,448881,342392,339347,996731,121709,524543,478695,277932,996583,527031,324801,302856
1704,113215,1006900,727700,788014,794093,174020,194050,951479,952502,737350,582354,955514
1705,18425,274846,52591,959405,730959,420828,514770,144742,52053,387606,11092,124454
1706,485416,416509,444191,111968,494004,529913,775997,828741,460652,936785,1007372,794324
1707,764222,726119,615525,1033377,265740,40655,958077,229026,373849,36859,772670,102929
1708,274830,846840,985457,13343,295807,269452,940680,1023421,300701,641614,943397,89306
1709,595922,983943,930549,724377,160295,391421,378822,787049,790225,538630,669418,193653
1710,369474,730249,354643,655214,670673,219486,720475,120206,395600,269602,1026492,554590
1711,138608,762709,227246,336091,611163,660148,396804,800098,112569,965068,433922,499058
1712,639606,689535,716979,231611,655694,316937,1023378,606745,813280,822771,241155,591490
1713,264708,629523,114432,622725,735244,162624,1036960,900944,994894,188439,472533,961332
1714,500970,573814,765661,32388,725270,569152,680609,814056,356411,359131,517276,745727
1715,483667,24081,69802,626245,342479,970329,1018884,883573,225174,140344,190919,224045
1716,700616,196623,908483,1006231,585163,936279,69420,940910,956897,457485,936239,443991
1717,651194,713291,136735,46738,768687,612200,557347,554118,296147,521651,743907,150520
1718,735017,751306,970157,344153,535098,1046398,711162,215463,92504,873393,987341,239727
1719,486175,1035562,209248,767698,871670,964200,540731,377893,957634,418338,653334,139481
1720,284745,59787,780634,958031,847626,407756,926408,193395,977823,434056,374117,1022468
1721,876526,769158,1043730,559927,427918,374646,333450,201173,1010331,234639,279149,605008
1722,487940,1020158,757841,772973,593594,42381,100885,239032,568040,388412,1036474,28268
1723,307631,637661,268549,453901,770060,627734,296534,436081,745098,225511,956824,713888
1724,734662,759811,628977,494141,492978,914715,782978,452332,544529,745265,966332,68073
1725,121274,15915,45056,363915,252469,975299,720853,749533,372842,776220,101740,544862
1726,836652,79786,1044176,398537,477459,682128,757772,983220,897641,931750,381977,73841
1727,829991,166041,312560,491671,852092,601717,231096,711136,42067,511494,615991,472861
1728,188241,486271,440401,284718,284404,910980,131748,743611,861991,339481,394681,168755
1729,603642,350428,1022143,575358,216982,769270,132684,491329,685790,243981,647186,1030662
1730,372238,319507,278542,639999,602915,409862,143615,46155,205751,668060,213268,769044
1731,703807,319144,766083,861687,283340,909890,419796,393660,276687,31930,412079,1037648
1732,720927,515959,725205,610427,178831,762264,613312,132920,384274,1034337,867940,179833
1733,71921,838757,402457,735105,861617,160841,642327,159257,810185,682978,374590,71299
1734,194125,644618,784705,895942,561829,1020405,858461,858447,446026,195680,803238,577168
1735,160043,875997,389218,76129,597845,1854,218466,164038,987212,555917,730824,360085
1736,413980,916890,304057,3156,679595,572416,284006,454119,609366,777755,799066,839836
1737,798500,926701,747426,321585,1041577,271413,646564,79934,101607,824390,134392,902663
1738,766431,499132,467634,1002919,35199,671844,857077,282131,600836,505516,735861,121290
1739,593916,545262,530595,790115,967671,159507,972502,319612,178092,570487,443658,666566
1740,511638,170448,1031006,196406,369614,518881,210821,860359,486484,75564,601463,105171
1741,211881,1025484,463407,931767,810777,981271,986123,332062,793456,125211,278337,581842
1742,202815,1038031,320842,533482,135900,732900,71922,78372,349712,362993,603905,316411
1743,34804,65475,790534,145472,760891,45924,989323,268395,981152,851245,421697,191871
1744,823219,849156,719566,1042563,316154,189548,171471,1022447,401470,865137,176846,549661
1745,249728,194918,142160,183219,627348,1020417,95145,90968,164261,373671,955801,43625
1746,235116,514160,470726,542970,658892,877169,955390,28123,573360,199912,650128,157880
1747,833252,325194,560476,98119,353048,685610,854085,81295,1048291,815050,423864,622975
1748,557672,822836,104589,349876,904571,101603,329425,32248,1023395,168118,272396,678172
1749,522186,887836,955594,565729,433174,372468,1022506,891715,610459,86527,732557,256816
1750,771407,259593,786308,725512,2232,370258,754166,250087,761586,913079,148355,37778
1751,343679,196310,915471,515140,781310,952579,285368,559406,414415,339734,457884,775620
1752,322973,157341,157394,160141,267373,1043917,358861,1014732,945091,984103,935709,142092
1753,1008493,941846,542875,604738,453064,942148,976285,770671,573838,644503,387307,12714
1754,524127,763072,529393,71023,891831,1009526,967712,822848,872124,1025922,408907,278976
1755,131704,729519,132255,198967,650508,551869,902498,35345,19251,890667,673135,189278
1756,195830,864349,755154,885610,434575,783950,116509,1018209,307859,540299,353780,780742
1757,409277,203007,103441,130327,321422,4175,118263,84704,15184,63953,557872,139030
1758,746514,307123,497964,673037,1025353,1024296,766694,182761,235794,851497,859463,17357
1759,787813,937537,946425,564558,1011304,136498,456250,276808,138798,551145,959721,910317
1760,693126,961288,440404,321118,198369,316151,131024,16592,230548,959220,380828,895346
1761,726241,116650,870791,651604,876600,593715,298929,852872,697025,699834,507636,462942
1762,910389,392660,667448,527840,708570,374083,1028921,467663,1039579,362188,165573,892621
1763,799750,439294,59713,210094,929150,906693,565065,861854,335487,944491,638816,1033314
1764,662260,718297,119714,415410,93603,915577,306975,591749,969182,471674,135733,277031
1765,684100,867167,428418,984518,863736,649591,496068,885442,103928,334664,805205,445819
1766,757800,891010,505150,1047603,180427,821595,743943,495110,184431,849810,168471,812783
1767,277763,500232,1028883,605461,640545,998511,17430,159732,225727,1029529,216475,650168
1768,171798,942632,644115,30918,451992,881519,1024786,629768,3968,27114,417302,189324
1769,57940,1028760,107456,425208,907149,901311,736697,614666,844402,249563,636212,718455
1770,466056,1039315,945723,119704,171481,773940,917396,609491,762149,408063,211685,322371
1771,36646,214696,779566,367574,1026949,754437,186846,987247,882137,910872,482612,892954
1772,8532,249504,551165,464223,246806,533320,632197,362860,769057,463173,73905,53996
1773,552634,851360,362710,166125,831993,999136,624959,969187,667527,83764,837542,943071
1774,733165,131076,82825,145903,754769,58046,483243,1010448,273312,224286,737183,812261
1775,89705,605154,1036093,881619,58208,236621,425710,724761,624265,769221,559159,773912
1776,853254,569118,662209,215834,541754,39597,381092,97702,130719,525116,739634,599309
1777,492974,2406,787250,989573,180462,342028,528337,573566,227229,514405,431752,488174
1778,907694,266384,969061,35252,1027514,427540,654505,238904,355212,341954,876680,847881
1779,413255,554536,337641,693780,542577,653152,304321,519189,621719,826927,678223,989444
1780,972637,256955,375576,137095,293178,732002,393644,875930,587660,824739,266766,1015771
1781,450461,373953,545232,756653,790480,311823,761579,169812,806964,594691,412558,98938
1782,868575,281160,650395,1030701,1015325,265329,999698,939303,22766,247139,271280,769592
1783,25878,970440,612458,868262,534292,515747,956860,582616,1047519,394851,736537,947896
1784,820292,565863,628997,701228,384084,39239,943842,95693,147165,917628,368456,163611
1785,926244,612474,473007,248156,446384,333816,432896,680625,681918,377509,395055,552798
1786,643370,399537,670748,905028,413882,676967,20143,1032570,837234,137462,198269,941291
1787,971535,55124,323661,1043673,477768,861139,100102,1000456,631977,565682,458937,497862
1788,174605,878665,255723,504595,774971,808293,145028,573539,368515,599191,734027,807151
1789,885140,959259,1027396,171141,29924,911628,904130,199834,381807,772438,613759,691299
1790,929262,942412,594797,412842,903823,672836,258765,258864,268342,324216,16841,405255
1791,579497,644657,182300,444791,560816,26741,148088,690198,989130,317416,1037539,629675
1792,916100,912154,222455,566707,154924,269988,84763,316830,941822,382709,911699,981089
1793,178804,859523,658776,799089,35969,88773,463570,619519,843994,105295,876478,363422
1794,657828,772603,29543,1099,520194,72408,630963,406450,566540,33115,284743,255492
1795,818040,762610,141038,327738,582995,553606,147599,310476,716886,113038,952844,232657
1796,34921,775713,73104,492158,884544,225666,496498,622984,199792,667089,342005,347810
1797,64480,142251,926070,630331,16591,321267,772110,19933,53349,106649,811582,104611
1798,709428,662304,569736,720941,343467,426906,761583,909621,830208,310734,289864,378583
1799,489725,610608,838954,18536,82811,458353,62976,854845,746141,230530,640408,21582
1800,639068,345149,182968,710985,291466,503618,674655,111856,158077,411309,605067,409929
1801,71754,290077,784007,264766,416931,68055,345275,721833,202868,181569,816296,994967
1802,267795,473369,915905,688493,149660,136369,131097,301559,839327,50782,567687,748861
1803,231111,4994,762896,317452,871254,1008280,148009,656717,585567,940794,149836,112895
1804,89076,170055,35814,134175,1009088,141764,389929,381723,586620,1042309,1026523,839013
1805,804666,750296,777322,218622,1038007,703563,1024889,698861,986317,269364,626249,1015437
1806,419865,1030621,108140,729606,961490,20828,803831,512986,568966,688978,48928,712206
1807,613455,408613,780578,942161,957280,732812,431021,185608,715483,27663,696282,987819
1808,324525,1007278,80772,654453,663272,560018,746131,250352,343934,745311,878676,357777
1809,568147,1025163,504997,910229,352135,266573,530255,440416,716359,172714,1020178,647921
1810,48634,522187,758713,920405,376578,348526,475367,194622,323488,301779,829592,590922
1811,495572,538028,558430,354573,170428,305858,372703,691298,5497,422573,279264,996912
1812,208512,718128,719326,433694,916561,482454,743067,220426,246861,785389,885356,233405
1813,235399,80516,983700,25656,873067,178895,32837,103311,710325,438945,766615,143277
1814,801693,948008,823361,408423,641674,438397,129379,898757,1022718,660913,161543,778394
1815,787107,102595,782975,297399,576092,852316,748905,932610,645127,865691,864078,418770
1816,624104,446210,710845,380704,693167,205650,714888,26086,873046,572321,892277,440047
1817,550813,229662,103498,586458,1046379,973741,441076,422305,830283,149017,220643,616248
1818,257353,32341,853477,820744,1010696,951325,975510,232812,474259,28664,650895,474859
1819,840016,32273,363132,552428,133696,947217,429560,293332,594002,128111,237169,286033
1820,792762,572262,129736,252855,488800,180760,261073,679750,660018,54411,633107,301308
1821,243823,638688,895314,209095,451053,184275,868461,15999,701270,432793,166266,363925
1822,963970,112434,593248,304686,209460,628335,676285,49863,802730,880904,563176,817217
1823,139418,292228,229575,627858,979665,996005,110520,62039,974985,538656,708973,116759
1824,962831,220984,674589,1025501,314982,191798,467537,231624,619148,816222,195963,391825
1825,277498,764342,226416,206170,501534,1039540,231051,850602,991271,739716,561030,726982
1826,874574,973330,149155,88048,266220,29247,396393,1538,143258,33338,192301,743144
1827,234344,1042149,457127,707702,660352,94713,483257,800155,146591,64606,792508,251555
1828,950839,731292,777154,653373,243724,243021,892322,803869,676143,498601,838758,127348
1829,605797,803244,415125,485115,779935,684077,666554,612621,450298,1019184,788249,975828
1830,948173,445365,451963,506566,282762,203197,371926,695929,425893,681245,733815,213990
1831,740513,560271,119794,843254,132453,434250,1027163,132648,417398,85498,883309,136955
1832,322016,853297,160740,217828,733194,609374,386639,532223,447441,1033905,733418,211198
1833,285065,730367,761584,115107,892708,272488,318110,289009,285388,569153,502774,748182
1834,633152,136480,1040186,431063,621796,698291,176107,109638,678646,651314,689517,503468
1835,39168,806936,216485,541359,859078,865473,689577,1014388,989471,1027601,837858,407097
1836,508951,377831,163331,901014,583096,258576,575834,507301,995041,1045871,831040,700177
1837,442969,39008,244314,516991,328717,279763,703624,858397,378555,423445,1041795,145993
1838,78984,926910,131979,349425,795860,100465,622729,464776,610434,82244,224162,436324
1839,79248,414669,1020796,756529,928971,230056,879069,129265,370482,636415,852172,632982
1840,426883,983391,423249,327066,541293,993638,158971,338355,722904,38175,654306,468352
1841,19769,145049,835924,524704,134652,507103,730843,1007243,243783,721907,162072,69026
1842,66186,999095,736006,958498,1039970,571739,678244,372301,1000264,131651,381771,279758
1843,510242,917825,680854,772311,901883,297216,567646,995248,349029,19717,149813,401347
1844,22892,476284,246508,744344,173509,733430,297679,151190,624042,805923,141283,663422
1845,286029,912215,436687,655893,239183,159507,517695,78514,916013,486872,512401,429753
1846,772979,796607,1023357,705907,818903,225079,532301,150043,621171,211323,954821,385325
1847,1029030,447766,810787,489891,595075,469485,238163,917773,764147,133002,43489,466321
1848,911043,563663,118905,692368,805329,887913,760561,905212,561811,438601,415983,645616
1849,725998,382189,968193,244715,261176,1036347,901190,756323,94812,1044862,373144,302784
1850,682796,104643,662280,672833,840891,996925,804678,773440,428175,573510,178804,164726
1851,858889,971478,523559,845456,685113,221962,148108,875332,561933,191829,713756,60463
1852,339140,201034,287430,515871,521217,946474,879487,911300,888766,631127,956107,795445
1853,580128,468486,407406,184913,330665,705385,494335,546660,621844,55473,103017,197379
1854,317145,884224,279980,667629,466920,598497,599559,20116,203412,187921,21922,539266
1855,934730,967728,811239,90893,844094,405780,820312,522898,764080,621228,809735,597554
1856,641163,654692,545337,618500,901411,782037,685104,382171,340055,958206,579685,653180
1857,358205,139474,804767,391023,243867,263714,153984,537047,745790,1003582,626708,282288
1858,763992,474279,562041,184634,765879,392686,1006159,793386,958244,284471,821187,583643
1859,614306,934977,494990,641778,649183,896671,592866,754269,680448,837906,936183,261820
1860,609428,619783,603576,933857,354531,353937,57020,371737,184768,916817,717606,172755
1861,647138,649968,961345,98143,425638,636298,416754,586966,484782,435203,696846,916108
1862,675481,734232,430809,725114,25638,563342,275867,810621,33687,773692,307987,292075
1863,896099,553970,593519,684428,272140,60957,636533,74866,749394,995940,62359,700568
1864,542289,942193,45063,954439,932590,535516,634175,213663,419439,314786,570424,566786
1865,53510,350233,823248,530903,712897,936861,799945,421468,233247,296794,749931,471959
1866,639525,751732,38162,626473,112647,960264,70998,604996,304690,807030,337463,21445
1867,503541,686499,968421,644061,271824,90604,521015,401820,524715,101905,401931,60436
1868,368241,1003354,921850,962198,701805,961301,604288,982858,107878,705060,994659,377741
1869,969021,134295,182,919142,579993,276301,523116,990621,475302,470480,292782,298906
1870,573800,759518,974669,183569,27605,723000,325717,666901,883625,972679,376585,200800
1871,374812,822788,1021007,425796,707844,646115,966401,345070,736571,532831,169476,912840
1872,557649,158621,397899,22133,206740,171292,741762,519541,76235,806067,109730,42217
1873,396037,444030,579096,601313,617060,485611,659860,322275,867812,173074,439536,1016988
1874,1004400,339665,103203,883178,334953,166013,169785,232158,67325,649805,894424,255615
1875,850417,155202,967774,673311,286550,206101,373530,983354,129509,196336,829575,1007948
1876,754741,850996,144083,743371,985519,686036,982140,678419,212640,701647,534448,52148
1877,215355,790279,503563,19897,945633,550234,858230,792844,218611,365990,920741,667916
1878,103516,827239,248088,983719,929550,410364,14429,135188,255007,43656,906698,984332
1879,888329,589975,549460,415382,141688,436462,531187,398064,206513,85791,908251,187657
1880,451260,837639,912958,661095,559674,875926,1019554,345398,647221,1002847,429471,838152
1881,591990,394530,97224,454602,932284,635424,458763,428040,563140,34480,590745,1046494
1882,16533,535800,808186,458910,81226,593971,724804,349242,916933,124856,324848,874495
1883,578626,881626,816086,1043504,234407,920796,241347,969719,961137,568859,243684,321342
1884,923235,759110,63424,472828,6192,219180,570146,841557,596560,616094,148564,864059
1885,630253,224803,312226,817982,962901,52236,378246,822342,572208,651147,717004,459151
1886,890611,706697,202136,297338,981702,223544,162912,850083,957970,140501,597327,116260
1887,6718,389686,785999,9711,62335,694594,481950,894642,53988,520512,125148,917155
1888,299712,171976,722725,90704,573983,75257,278114,404885,394608,685875,297660,823933
1889,603573,846261,24752,10559,287403,931190,167554,960566,258841,580617,969191,1001816
1890,791822,781423,833369,456705,123783,396462,336955,988954,32199,308109,293897,376756
1891,594648,746474,6062,388360,976005,199746,338793,207353,1026871,843678,935021,564765
1892,353873,425593,379868,763297,27497,119372,211780,1021517,824024,309281,794800,160587
1893,431261,181815,590894,519431,126762,160845,796190,45568,659786,686188,487222,667631
1894,456559,50884,186838,625575,182394,141052,929144,1039433,986901,258544,519224,264163
1895,902037,454390,118874,932232,1932,152452,86867,936946,526623,722539,622910,939475
1896,231611,774072,968649,322335,106712,375866,717960,408269,202764,940741,29724,946863
1897,64522,108850,386136,696493,282557,356362,791340,951508,1040719,1007764,690129,469763
1898,887084,477795,791502,911349,518728,951689,717563,1030762,423961,352500,74657,545582
1899,258415,510326,52248,917722,811569,517170,160288,273076,503708,635198,230419,561521
1900,211094,642919,955590,561247,315181,43863,598715,304075,358473,1025674,957422,1027216
1901,959936,765604,497745,860623,495071,950156,282250,790995,1016472,579591,698380,244705
1902,962801,836403,661473,192365,511747,334179,342203,671336,366303,389056,779480,368485
1903,680297,196228,120281,114675,48580,534076,898994,955292,71093,534876,710902,569175
1904,879707,19964,277530,480689,704495,876667,582126,711,125377,808528,291147,104313
1905,539231,293139,198531,865739,232168,724941,499928,360141,946370,483892,747070,894158
1906,200615,41662,841774,1047053,18198,632503,818559,213055,932348,303102,19250,572557
1907,46489,429986,1047722,821212,186912,390097,419605,448658,1039516,628312,747725,139377
1908,17432,334021,307177,211438,483811,1011753,546444,45833,659765,1029027,258771,945985
1909,611988,258408,311652,216339,775038,347830,524565,327871,889752,1024149,638602,541319
1910,335730,894334,874132,923577,904575,200249,554211,502956,20558,298238,421599,490970
1911,589776,228114,292772,102730,111920,406276,275953,437162,521161,70093,650381,984855
1912,261896,233967,238151,578806,31445,566774,542146,1014879,691665,710717,259959,260820
1913,194112,616546,479728,956032,606804,80102,677890,826417,609793,226306,722173,41826
1914,288404,211054,11121,384084,412800,351143,417275,577574,812,739088,1041780,166351
1915,532897,272015,744921,30931,250974,248728,1004820,419891,967414,1008711,920084,827965
1916,226417,538011,667158,245831,382743,917724,521354,163630,326903,65286,994247,883664
1917,729790,833268,238159,4308,918417,500072,510249,96627,744386,416680,664242,640706
1918,1041366,246360,442786,402693,53472,231607,272903,740916,277268,526914,777918,328676
1919,32250,849619,818008,792626,117556,278785,861357,349284,433022,470608,477535,428457
1920,519374,346732,539132,985783,98521,641773,265271,12891,158736,602449,804451,940710
1921,61847,667724,494089,659701,118228,845594,992813,642833,196971,885289,320287,461718
1922,571196,240511,10426,977852,919498,750814,119881,873630,103740,528909,814233,210321
1923,130244,580381,538269,1038516,561016,563135,850866,715934,784668,226665,1378,72492
1924,609395,388503,763100,166001,873946,335534,882920,447528,973368,536974,831452,771986
1925,958406,541916,36762,318083,160721,92022,66424,241402,498764,860797,554517,405723
1926,696218,561548,636,550023,784731,470071,353412,459827,69390,154697,577721,219714
1927,213485,351914,902824,1574,954262,1000490,289313,476594,811931,878954,958653,1010143
1928,867690,113769,847415,259978,870925,641947,801115,1035400,801471,573581,427976,344353
1929,118877,827415,122018,835785,518477,13101,115447,559330,744454,1027857,163208,987520
1930,743244,760646,944817,418072,847822,373495,1028725,507705,381951,980201,474873,400812
1931,137408,541483,918763,392460,654210,1036178,367316,57858,301460,99380,652243,871746
1932,950021,149850,475470,441069,15607,459304,62861,617281,174723,58452,275960,828108
1933,590025,822396,833876,875492,301097,10778,230121,812393,642105,975572,787217,781962
1934,775623,516271,545046,363388,742229,544805,935942,788965,945476,319847,275704,395956
1935,1022716,204206,59420,944599,125891,757067,748218,1012196,603398,995535,444677,753692
1936,682088,18590,95000,367426,714243,819462,315206,688888,874057,135315,453627,827253
1937,945283,708338,243262,715607,421603,193554,790721,934559,847690,909182,359114,846546
1938,1041031,301286,516203,613907,136229,371563,101826,232186,896887,849056,322002,90782
1939,920209,529714,548742,671900,893530,915888,31133,456642,739017,724952,828354,206254
1940,796989,130182,740724,717262,878152,512165,368979,705765,210443,197529,426673,96359
1941,500833,305064,90216,468900,971324,239593,491444,566619,168047,943218,698562,171175
1942,14915,6854,576081,610419,204173,490013,740694,768487,23446,322069,25117,902685
1943,207762,291371,742396,47770,702958,1031079,592033,776767,1029827,254329,566477,401789
1944,667721,634772,287689,86903,182061,318372,643456,303764,107849,29662,460176,603306
1945,7076,586227,573850,897881,1007509,647000,718656,709387,284111,1031482,97502,140414
1946,512560,761959,88302,379839,335649,643839,856997,509545,1039794,605070,982044,757884
1947,822836,652538,267755,728081,40600,503677,905213,287190,603070,917327,709492,704616
1948,159747,1042152,489759,198890,968606,995647,476385,1013976,318483,93610,366133,561125
1949,327451,201816,578707,826045,308469,847564,605170,230473,661440,248381,771874,318291
1950,73049,177708,767494,9720,683869,442181,972833,65187,946370,113805,513240,427818
1951,865878,427828,643287,609981,205725,598659,982432,687704,1027945,57252,884535,566348
1952,665019,854442,873467,348994,178293,488088,961545,789799,31293,540073,414774,223158
1953,853020,261293,798236,275014,792893,118132,351744,1021476,523990,146441,40870,191400
1954,255050,81737,396739,662526,329340,152670,790196,619401,211227,513,308707,368961
1955,212550,721314,747115,622279,80449,294994,608462,956156,739462,712196,232206,86647
1956,569271,182097,454931,851367,173847,291595,872342,170148,1038294,831666,895131,515317
1957,647768,132977,236863,137540,240136,1034442,406278,242823,486488,528603,22870,206494
1958,791211,84173,24709,123817,67699,665167,398260,481501,351044,766199,133913,88221
1959,989066,148419,480657,359337,222964,318040,635301,554551,208542,1003332,227739,919581
1960,783602,150623,257055,569734,999336,1024283,487156,909521,60647,645275,286853,169027
1961,965735,3945,227641,75917,5139,247860,145146,108997,890696,891138,223877,838774
1962,548476,423694,158429,838073,200668,159779,702840,599860,39332,151711,371117,371452
1963,560531,326081,821282,530420,717451,126325,939853,333928,950519,196341,53632,258175
1964,917962,754828,734587,963940,32951,830229,613895,378777,395752,246503,836896,671174
1965,2510,904068,837385,246815,940056,215597,775727,781804,466406,25962,590908,592103
1966,372291,838424,626320,376086,860316,250592,855916,387086,398995,734447,430742,796742
1967,750705,828476,690283,66460,533078,221383,134515,437930,420994,1003860,310412,199462
1968,725561,319140,186742,469825,756824,815727,211567,154962,262491,218508,44800,956238
1969,421646,519241,106356,1024391,737494,544899,910213,810470,428482,245825,199272,236868
1970,176912,303805,180107,235793,903885,552410,254036,233242,392802,440796,333693,793112
1971,903252,853823,598513,1443,297585,274294,746698,383065,465723,2948,603174,953268
1972,283489,381495,43378,446191,434920,757615,268479,445139,275102,781040,529314,37565
1973,814982,374744,890817,674572,97482,493293,948132,474687,946890,419932,824234,867272
1974,649199,897097,610888,993733,1002794,473379,176948,53185,92229,795490,927934,1042217
1975,387836,9862,234642,689515,315392,935306,242277,695002,188519,32460,517634,50219
1976,424939,173148,863272,323323,790408,165450,483774,184796,911240,324476,361126,580031
1977,992491,107386,238388,344233,802870,302107,628852,369667,542176,879282,26634,969067
1978,580431,825796,143533,4900,790735,972880,356651,333906,559409,448145,269615,888755
1979,621460,725960,262433,96071,180497,565607,751213,271827,192788,532532,84706,811310
1980,974734,524046,115620,107291,720751,490602,305783,752630,366271,948640,699054,980356
1981,880881,227580,17427,1043426,320600,303820,434380,835400,409829,219689,425163,147096
1982,876090,328103,715732,1032827,729963,782746,89601,874983,190560,388643,51753,1046208
1983,458663,802743,201427,145177,490032,574154,840498,287233,950431,1013717,1003358,393716
1984,222572,469929,949539,419774,982614,184920,320467,150939,767546,604154,197746,434943
1985,628514,702110,874630,831324,839451,1004446,556646,459598,608970,434919,892993,260219
1986,665163,543535,961238,884390,623865,171791,979969,865782,1024046,424229,384855,167497
1987,215688,629859,353748,94480,958923,508401,975372,674678,600579,681696,501496,365392
1988,246708,403170,407315,518217,201767,649110,37818,274963,699130,860899,79397,64363
1989,644916,201989,964974,829111,471942,568805,727916,605237,770264,138342,437121,966648
1990,71053,188626,232126,444483,521800,66140,588910,818962,203954,778006,254923,1024082
1991,586499,749240,279118,252016,75111,457670,786673,980476,745997,331877,101336,404410
1992,592442,719229,727856,554530,121288,942892,77349,176033,188757,1022568,1025027,294812
1993,679950,186509,610192,887164,869075,447985,188345,157210,115912,611130,575700,798854
1994,144435,612895,329316,898067,383212,240418,923979,933711,912153,390615,768197,130550
1995,762041,824160,674932,177612,538540,502733,652705,763418,365388,997731,264978,557612
1996,42782,961760,432034,880191,779870,384821,626707,217611,787425,1001982,484014,253128
1997,383459,113812,139004,72546,444300,321776,531487,665779,471226,520281,184641,848859
1998,464369,152045,1252,611681,347360,579238,20272,27022,263833,27251,869902,902534
1999,1028650,128270,839850,311127,574437,785941,1043051,547042,896631,774394,694045,128235
2000,218302,708348,1002375,725356,939344,632554,324801,759385,997955,986286,475931,464488
2001,155728,714532,955766,153866,312725,939939,448921,303342,1007887,1040093,94544,458654
2002,531949,343611,513631,303666,32619,1027255,761435,924306,414197,1021751,655963,927940
2003,862181,774192,304511,884043,909709,500260,847227,356783,586434,487722,75736,962554
2004,519108,628556,128975,30286,20435,521613,72264,112437,915732,944397,377509,989103
2005,644881,606695,3412,444190,879509,567079,636778,229843,864494,807857,105122,733850
2006,721088,364429,372579,443979,605482,551375,77696,790265,729341,497435,142682,669144
2007,489234,202405,888283,906231,44013,702382,243973,1042885,932451,608755,559374,1041833
2008,918755,538392,478445,268880,26239,561244,355419,340260,862182,975448,821271,897011
2009,595720,140366,418416,1024552,973728,18842,910246,1022817,300024,844443,1008058,423010
2010,430541,433037,395382,508341,639227,1032675,734613,27551,508584,1040981,388843,130302
2011,819636,918347,163868,484043,347284,798674,428962,617436,345711,914011,667904,885255
2012,217900,999972,183196,679361,611686,24630,113350,272969,568080,588312,413823,539188
2013,257815,841389,744791,871085,536906,370656,496438,418476,758669,4339,148117,143667
2014,357303,85830,255142,264225,939386,431815,599242,473218,606199,223579,149075,1012810
2015,934370,827372,58534,72584,256835,716120,595538,157512,300454,381510,126641,447148
2016,461981,12743,293536,671284,1016714,3422,102844,234185,780218,336809,157815,1032093
2017,463541,226785,562205,342211,1028985,84741,308745,83785,592037,304248,745765,151771
2018,670511,334138,220645,475007,807148,598741,309771,757946,360784,641398,18798,262610
2019,135207,477510,960121,496010,240799,211802,222942,731975,778790,1027884,1034972,246950
2020,344086,666197,807425,711609,349085,696654,291447,781519,135732,174026,534112,39645
2021,351793,858980,889297,433997,882569,364734,702009,866990,673583,781424,34324,983661
2022,469299,277114,744671,399804,31862,514983,186666,328709,714406,213871,335535,18224
2023,121108,41340,514582,544797,102052,937592,601010,134147,224034,682256,158165,596603
2024,11495,185958,231076,50645,30306,45205,830325,149759,160287,212700,10195,711930
2025,879999,725611,813726,107611,571616,515102,483274,658493,933650,238210,676775,83235
2026,955654,984084,565873,596085,142938,880451,675962,766879,905774,730639,92809,374026
2027,685857,425571,916449,587833,913206,117103,119566,743841,747221,508809,634177,533452
2028,520690,465952,257674,498618,601466,216935,136364,716635,440242,472773,565173,573381
2029,985123,545997,494880,254146,628062,591125,985565,809382,342095,643914,474104,667783
2030,509875,405673,637898,208217,467256,943957,126610,593099,875801,137000,936937,924907
2031,522980,63068,203453,361911,105699,779170,163072,105430,146345,307180,1034486,434326
2032,108928,649566,30711,945446,100843,25936,338478,744206,419688,127625,400485,455082
2033,304121,533504,325591,630116,831318,243013,951882,365878,607726,547116,295432,778501
2034,1037013,130315,717717,193107,311590,891382,222198,455376,494978,839862,440556,709796
2035,257256,363917,935254,711085,557040,783961,166968,996110,681604,787771,370253,742490
2036,44393,535829,409979,866502,700347,155380,554559,741330,607813,577583,293564,172746
2037,599784,963783,376593,627888,671020,957550,414735,749667,232849,532370,840761,374270
2038,893242,157927,851116,887745,270379,672304,295286,552510,869657,690281,671984,442876
2039,1008130,666317,969198,333654,988669,897093,657594,741108,385501,8158,835598,212668
2040,433586,81000,1013684,817122,35069,879352,1038763,33408,764917,501368,111011,871105
2041,862209,123354,668584,758173,377440,1047666,806958,379095,685852,1002666,869272,500414
2042,840740,751930,507002,352777,361688,977791,944796,953062,50428,620270,751562,702891
2043,934893,343522,133767,43452,153790,828528,17352,146572,995487,850909,507649,1041139
2044,31722,750279,88226,739755,503671,297816,825457,386670,993070,615251,651952,448523
2045,175286,340290,349267,965095,860615,294818,969115,888635,663158,118566,381711,508920
2046,230731,972582,73468,729681,516829,325187,879333,676693,882483,392542,2348,237898
2047,86786,726994,646819,687233,533677,647190,98306,904346,836288,1029023,860068,806795
2048,973008,1011430,825438,642286,507910,560128,293814,923753,672529,559264,544588,9082
2049,897922,212390,943947,407954,251693,142914,128265,439796,738063,88187,229603,266694
2050,925211,650468,570123,941665,105357,734632,729004,858515,401494,318355,458199,324087
2051,369292,464152,79170,702877,29241,93123,270224,846603,860189,618293,83860,260852
2052,294365,935876,885338,670077,297545,707846,604619,425451,228625,156128,133593,472
2053,770082,388028,38672,885457,836908,273646,1008515,592546,174877,183711,489780,434008
2054,566831,622328,546658,568330,248161,65942,710697,144025,537207,195467,668976,323008
2055,395505,59976,510182,163697,597882,775690,324884,490580,114533,910720,841220,27224
2056,450190,407066,436582,689979,258539,754927,565043,527932,855042,204597,358935,588989
2057,74011,274471,546486,753620,825514,825097,145688,18686,242743,334291,540910,1022498
2058,841413,289637,795733,48541,782180,157276,320853,547594,859820,996348,393494,422973
2059,577053,905835,183714,1001471,210535,80163,3150,201391,159762,823450,973826,788425
2060,1033503,751129,829860,419601,719385,857230,727603,707291,684250,419770,741715,1037898
2061,192102,182862,64333,664334,63534,833560,762365,852870,368530,605124,396448,708127
2062,734722,330744,870376,328042,41797,68213,500770,1026307,1026279,569662,677602,962165
2063,1001978,95449,279775,45703,387711,989748,400857,717345,751820,174733,828077,290532
2064,901911,721672,607392,896587,729116,902724,247939,704203,572622,501814,658206,995923
2065,183284,293399,916509,999596,391775,45632,598815,56583,245763,136260,631174,842309
2066,384952,275037,702302,842050,2961,256202,750390,952187,579328,244644,322524,792156
2067,981399,401723,12802,418063,923911,955470,495143,292824,682544,1014558,636560,36673
2068,148886,1032221,819509,454896,538590,451661,127647,577248,546945,784703,461272,127367
2069,341158,502476,755981,321492,595407,253614,230902,475424,744289,884816,683958,936746
2070,322199,591200,490227,810435,419065,1034459,906134,478720,958999,877520,182594,381226
2071,1005468,309671,599148,242175,256011,267161,755216,594282,1016974,741549,407001,784314
2072,602051,906213,206793,625189,113237,177352,895616,68962,1014607,559731,846690,652606
2073,651438,589608,18169,463781,520380,481182,327747,356599,963325,281652,953029,391529
2074,654800,806654,291,767468,262413,286873,846410,199545,339781,1028789,737894,922941
2075,206591,1028424,994173,746483,504049,542302,967966,369589,555038,771978,504041,910129
2076,759242,265469,807816,650732,504380,1030009,192920,948961,407531,477657,873897,731325
2077,652896,684616,238550,941260,121405,639506,696590,877470,10094,30401,831340,992514
2078,895045,83249,240500,620703,164639,110106,540359,506490,996076,72513,683155,227474
2079,45941,873977,448037,178441,598870,934242,166537,988894,37007,1046826,369360,690887
2080,808470,927453,958574,598652,563163,359466,454945,159841,192812,578121,127527,359526
2081,836143,417957,103910,374598,312534,776193,60395,422877,473937,392944,4665,92648
2082,482176,368473,701579,376792,445437,91363,246648,363951,896055,244873,106186,954553
2083,963488,278407,29527,955906,836361,107762,938149,387858,734875,781660,987831,886166
2084,961562,1024094,483795,523294,868478,653344,621078,754940,436753,867494,290000,319023
2085,47588,490433,451213,602338,506562,847672,458358,765676,501280,91134,739690,31846
2086,14781,334297,370427,144972,379364,690996,1010378,728716,824022,1046529,619505,104628
2087,517336,219673,1032187,3697,426912,554611,382992,271529,517823,919111,465039,832728
2088,336166,683167,13529,658702,22806,332063,993711,901557,733122,629148,424944,145143
2089,970592,363423,397691,524077,651401,833165,386416,1000387,171085,199942,159433,840457
2090,402243,449437,335637,673167,938671,442673,177628,694136,454752,979023,55382,267703
2091,546372,599752,995513,574697,269499,410540,185942,843394,430279,970496,32055,22274
2092,184661,228374,369978,756935,95975,684055,699717,184423,200496,582552,750895,979351
2093,965981,358548,297012,949309,714355,414508,169982,61155,872592,173437,610976,725301
2094,354505,352680,693434,1004679,371295,255707,756518,563227,378255,414500,313654,676369
2095,382521,663228,924105,136254,780017,692291,698312,510233,943655,888836,425510,509868
2096,665953,1034946,207858,183477,803451,667953,577906,985960,860059,519664,214973,605208
2097,470360,53713,268154,218404,743786,947295,1000203,129042,281617,540583,984674,285083
2098,138563,987146,153917,1021397,467333,226864,240769,610243,452209,607854,111474,235172
2099,986520,982786,914853,1028639,937605,616043,799336,38908,994740,243118,163784,159441
2100,675030,371021,702518,549518,208238,733564,208934,224280,70481,314223,18034,987099
2101,703746,339345,569760,375805,73337,87573,410076,962742,889522,131056,203435,542768
2102,1029697,421610,662734,403170,506373,718742,153404,510021,56790,682752,292149,332767
2103,951510,408215,678304,858069,570151,259859,1042479,998510,707002,796914,375602,940618
2104,440777,702745,1035378,695876,79308,575140,44819,1040645,515218,309674,698820,657477
2105,1026212,877859,120203,425398,579844,258074,643839,450635,784030,280979,88404,1002470
2106,1019646,604403,649377,81648,1026785,205869,104842,527715,351987,312125,953899,239246
2107,804828,238447,534740,115096,579103,262985,855238,434038,514028,194739,323044,727167
2108,290103,510711,589397,300638,907508,749217,775451,884806,141859,631967,422366,143088
2109,638366,741835,156610,111299,112148,368160,350302,90121,981524,237471,481774,301947
2110,182409,745526,383876,608209,499445,780916,870099,912215,97569,935581,583368,601439
2111,479077,1018879,289421,814590,556037,963214,999035,872598,150215,254001,858902,927451
2112,179052,645200,330382,574282,378984,559623,553900,735381,506779,623442,67443,284878
2113,45989,583567,480058,263528,813468,294011,308226,856940,825283,695594,891526,482173
2114,175002,863262,738095,301250,752165,38407,827834,699445,615609,285768,464287,794717
2115,395387,582120,609615,192528,347156,697781,723949,488224,139624,538220,79310,177319
2116,646464,1026758,964128,443026,499956,454848,1036185,381581,923745,459681,57396,336312
2117,488888,690844,683946,136733,596522,337795,840909,779644,509582,903550,821637,57323
2118,531709,265325,400668,42198,91880,270029,859712,958923,743618,62300,361052,549503
2119,206272,46916,792639,679749,328821,60611,953879,822281,1041070,450083,450371,815508
2120,904754,287336,257103,372539,629163,181911,129697,842679,944862,770698,552638,892396
2121,561575,272869,29859,95909,805313,322720,59065,271417,407056,707702,170056,817255
2122,175854,306349,199132,52881,911174,357102,1044534,826088,503514,688045,65006,593240
2123,357796,900885,589618,919627,304426,981062,394811,309610,707373,162394,570146,293749
2124,444206,338930,461986,681768,759986,610454,282931,806980,1047363,75054,256468,423245
2125,1032950,369954,467889,778986,27012,36989,913787,238902,24537,566348,1038889,720536
2126,146326,285632,984067,770516,286544,668472,1018099,794428,873793,411115,198318,703132
2127,25880,677276,938073,402557,34230,450804,49282,920133,763989,21970,25722,342715
2128,786696,1001601,424710,447052,245969,723824,627103,455293,27066,619887,790913,570417
2129,683548,446351,110078,573199,929402,707726,17726,915524,47134,76730,873075,393200
2130,601439,637841,196407,856289,508326,1010538,259326,252944,590557,836495,303667,607774
2131,729242,428834,460515,827616,369299,849393,96513,724612,287950,811110,877929,17397
2132,867512,995510,767369,789964,95581,309155,729988,147010,588047,99540,658022,873247
2133,353228,1022844,331451,249922,753876,465572,74436,923125,164192,682543,143305,689005
2134,664903,43474,55965,427949,69676,115884,983699,432995,893061,409246,752833,387010
2135,179402,755935,481068,244543,158005,773282,265090,628157,878519,3089,730167,332533
2136,32875,578993,277279,611128,160324,873015,332252,733459,658290,888854,393919,156189
2137,728156,947893,770974,1010840,171693,233555,246835,544745,1028821,993875,926821,821709
2138,538161,756899,930074,475157,715703,934857,868630,344828,415818,1020882,694681,605234
2139,905547,190383,223716,972089,752005,531589,955257,653031,57453,596757,722832,390483
2140,449199,674140,834213,273014,786421,812267,730739,373412,482746,537843,299472,97671
2141,720950,911849,988695,559303,356855,964344,1013719,643701,718337,609111,528002,553419
2142,804130,200743,915234,576351,863813,96079,1028626,115252,458648,572782,881560,137069
2143,82470,44965,567677,578309,476860,763100,830005,737606,44723,657809,627683,17360
2144,131352,457804,967800,362281,665052,769583,43803,633236,679393,858431,716649,645416
2145,632381,288742,946102,651595,446961,823403,608322,469414,425003,871969,834243,191945
2146,869921,149656,114447,110710,1036346,320754,975998,899308,29110,615166,83927,238635
2147,578414,728411,311226,610781,756751,882335,201431,918415,486516,584945,351711,188141
2148,255454,424714,779096,1018786,347611,1001635,184303,22170,78553,804053,249198,801316
2149,936637,288617,959663,273361,67321,783010,359847,68815,126114,323957,384500,827073
2150,243099,413075,442285,780430,334252,699235,115354,397744,446807,488062,734554,521566
2151,819856,315996,756616,618075,84921,1202,398934,99978,627688,952168,1044791,921922
2152,298612,446431,1012043,485350,1037223,720885,820653,318701,1016500,693050,1044974,277637
2153,386523,390613,92730,198325,26986,428220,210873,162886,250934,544125,583172,565442
2154,34244,36826,691029,312870,813271,615869,814565,1045631,704259,932339,522311,190927
2155,834824,382842,1047806,985365,290875,859901,190565,775401,348524,95019,935979,427510
2156,29967,234819,227614,910477,729347,567631,239142,468928,302263,251831,750403,729124
2157,23132,960752,110241,462306,613545,989225,134996,299681,233363,810314,458579,1016894
2158,984354,1032411,325120,737740,124587,375784,1008756,55110,897054,516970,626087,415497
2159,1031255,18049,669519,315157,128446,890111,716505,28388,446989,387224,594725,55378
2160,460348,359877,532266,449569,623839,843937,54623,9416,555486,595140,35431,821925
2161,246346,486006,1009823,9988,677080,217267,1025158,318364,969517,171753,743497,290031
2162,1002561,573499,536148,471381,695915,6170,382873,1009183,324909,974975,858803,180306
2163,511161,447427,1020765,899034,433102,267150,139490,275563,785410,99942,802156,301171
2164,20643,344941,601908,62604,535551,307364,493849,571085,562428,115700,223278,379503
2165,545544,820357,972325,781591,423160,915619,1020266,477825,298645,756896,424035,109165
2166,798070,116206,736670,1025471,830985,825349,453499,892886,881579,327352,408426,1013871
2167,972761,782117,392850,756250,12167,548992,704974,24292,114928,133256,875110,594933
2168,482654,751524,72560,880363,1009984,76808,219126,1023966,1024439,642405,925908,196957
2169,14762,182447,990841,923630,270290,1022421,522808,154955,673846,97436,987004,1023236
2170,48706,775195,542013,944338,457838,240189,236853,227612,640703,597736,767272,421068
2171,1021806,719318,48196,765640,94759,1004755,800738,138568,438717,795904,369570,636767
2172,826163,362037,942988,750101,552221,755021,41913,83190,760249,738612,183081,132566
2173,198555,444056,282238,1045364,163651,764096,793692,848527,623642,1037309,265431,481589
2174,730557,98351,293365,771868,141958,910205,858463,122185,659828,589539,854875,382333
2175,245378,92577,85586,688245,122003,337786,234571,253449,924286,735130,464224,604684
2176,363707,926855,767731,869847,600425,73166,82937,218809,541812,446741,59346,651261
2177,235915,987966,450728,541320,434194,880796,43811,732384,95080,603669,394932,132754
2178,54666,597754,38808,952779,657642,396110,189888,413564,534618,35719,916561,1038796
2179,665463,978022,89,198299,203628,711187,429736,866891,678347,145069,178758,190416
2180,583101,259593,125253,379871,491559,89348,73730,942722,621292,508344,113574,7059
2181,803667,382154,902306,102833,858953,1031268,801990,55726,325782,340665,214671,306869
2182,789504,122917,1042794,1000806,955818,142931,151174,159664,355384,371843,176592,452978
2183,168368,287087,548270,88585,714496,986593,833025,908199,616718,68459,418908,820506
2184,87151,536880,1033954,388505,335368,20782,418152,826856,998372,314722,57325,759673
2185,795427,1015921,132763,521088,572669,99819,87309,627881,612253,901409,440211,656687
2186,137993,87253,583088,168774,157391,478309,245472,169839,438108,351167,714601,138745
2187,539437,466717,114681,601640,981759,1043426,997048,1022606,899973,491556,670093,10692
2188,608603,658999,850981,923159,292121,334844,493132,568072,336155,683830,676656,29585
2189,337742,376224,433870,10346,935305,583575,722405,262854,950191,215722,114431,822778
2190,896636,256385,482228,970782,631004,263938,440110,1020800,26598,727632,9964,356101
2191,606141,958469,768768,850957,663178,95244,996359,490542,98900,285233,319094,236211
2192,1002256,528516,353373,780446,1024392,575987,586612,142440,726674,491389,485587,418922
2193,28083,471660,474929,254609,703083,505967,6875,54001,819519,1026923,395403,819730
2194,808061,848823,619324,798912,137288,879353,580807,487156,1013329,730805,86088,331632
2195,958442,479003,167626,397531,880042,388109,127989,94079,94230,605146,600865,785047
2196,307736,277129,858280,263417,367393,587311,859877,168202,809150,145825,945943,863403
2197,538840,492300,217346,772961,691135,771665,15848,13161,122510,614123,393541,169932
2198,365429,674371,96940,198317,324086,870029,234907,471838,204616,278823,377528,616539
2199,989503,862218,184481,193310,759746,425350,604958,318983,927638,421980,99575,476393
2200,476690,442272,631738,670897,358392,888775,1012593,291101,733190,939155,966032,280684
2201,734300,45112,111438,930572,294270,816578,664193,907583,33193,70281,751387,767191
2202,83318,91605,478347,326711,236386,385400,437337,718970,562264,167908,1019522,740514
2203,223650,362176,1012001,139111,859346,251465,756773,755299,449384,643980,998431,293938
2204,276128,601108,397281,220447,834994,683734,308208,621503,789704,790397,751595,614147
2205,567374,615783,456240,32295,567403,988908,333066,207872,237684,960600,23287,167858
2206,597804,34176,702962,978075,959046,658929,663178,613724,325271,578693,646059,255976
2207,405003,671223,967416,606934,660919,55650,704606,691914,829493,618895,508566,852175
2208,187299,88300,617910,768449,953015,885526,969796,501434,511317,287351,348451,77721
2209,708017,1003548,687228,1026136,251847,231113,148317,407804,802375,703800,832776,800431
2210,448930,144844,692378,736121,219417,723071,637044,656929,132101,1006832,156724,212897
2211,1045355,666087,673500,762363,593442,151089,953485,419682,722204,1038605,391272,478876
2212,67947,256268,279693,214514,216054,770351,150409,207970,275854,120175,685867,287807
2213,194893,222762,632457,348147,204649,805678,76566,830507,946332,1020967,149282,660397
2214,487584,364565,354527,334328,543779,689669,722142,669305,909018,359448,712239,772695
2215,904825,173995,594796,886893,163423,730701,582120,572779,905094,370428,218261,658578
2216,781907,169293,658919,893777,843542,1018405,259266,156992,678612,262075,158811,19691
2217,506237,675202,753428,402580,750275,551876,1816,85983,899664,50913,913841,979106
2218,937612,992726,336554,586037,525536,495296,874159,941794,330779,860659,143037,150139
2219,417881,95788,934058,481056,739883,894590,726239,763520,4349,944097,205572,630637
2220,722171,496309,355020,329170,350500,138134,125349,69861,115379,942640,118650,840991
2221,875331,406012,619840,611165,318661,1043307,609897,119529,717830,748211,292745,40954
2222,282103,400026,217486,478692,189320,712787,150886,252705,182442,556114,426408,468288
2223,229340,605015,349116,910585,174093,133956,866913,633751,234069,660156,433232,986904
2224,710463,286156,166189,779517,25290,137902,378017,331297,948395,716149,883357,867189
2225,297282,134211,983066,764237,710490,299417,554119,951796,766664,88197,956214,577059
2226,935740,788015,474596,424135,1004819,884457,595025,993376,455731,290571,816976,597181
2227,3884,878563,409869,133999,581416,68109,649525,357374,912797,336925,284509,625646
2228,131958,764422,161228,868955,97835,680874,881304,355229,776581,116647,863766,515425
2229,694417,119866,130076,103799,71000,647357,716161,945066,1005805,1044022,482875,656635
2230,236710,57812,586451,474421,689206,899555,309398,370160,153132,252200,944837,1048234
2231,48327,38500,621841,988774,7604,564495,665025,672064,363045,805330,968905,892337
2232,734717,918522,311104,607650,556209,356448,410515,676935,964718,260755,550333,447527
2233,29436,442777,21103,517752,836349,777633,671080,59326,193535,517456,311301,988100
2234,1045805,816772,46237,84951,666148,432381,48600,824771,241158,59025,843064,683445
2235,136613,134122,819146,987765,621492,511164,934806,758712,1020360,81063,631298,217475
2236,124848,264662,454452,384776,1042473,45958,327309,678915,764090,1011980,55571,808116
2237,345099,549196,845724,987003,227176,611090,143092,120098,542959,877915,808149,296075
2238,117822,17107,562855,554437,381529,466713,360960,898517,1018066,883036,575449,456836
2239,547652,822906,157314,784466,52339,225422,1009634,29520,1046128,45724,593431,984916
2240,564514,423138,944554,789111,487968,53266,154537,117350,758888,945223,816805,1009105
2241,842429,537773,286333,443494,295554,373249,777195,942323,284242,838950,558142,69117
2242,355128,827593,828469,999363,285628,42912,17545,224403,220594,840626,394985,507739
2243,305908,57532,332808,148085,347496,761685,106668,1001969,851921,661542,998717,288711
2244,885152,340664,34192,262247,648246,635172,466074,764425,602440,1005036,487025,1019414
2245,362926,1035542,346899,920071,724928,545449,950450,882637,768071,547528,582496,919315
2246,168608,930196,564229,378901,578728,964316,602447,622267,338559,701696,739782,470145
2247,741065,90001,592782,612124,441443,988513,665551,642092,998535,733440,1006330,365069
2248,97207,732383,441832,700659,864345,299827,324329,425546,529066,331742,364679,219338
2249,636015,775026,317985,600908,880380,449712,927433,316656,276012,420811,1002336,41400
2250,503874,1026825,430574,979505,582958,987596,174948,363274,125287,958296,669793,996282
2251,395972,610703,511097,572024,565218,317510,514020,722750,178502,774763,789107,41503
2252,755937,426855,1013471,919366,932911,107610,40970,57431,406591,1006103,728009,405277
2253,635987,766007,619499,906260,164959,487566,626842,843696,132662,888464,665579,409803
2254,430916,63427,952923,736812,723968,287491,324912,737366,1041202,463881,1030254,142158
2255,614644,232871,837102,293298,628719,552508,326642,4463,979969,318652,29154,798117
2256,933518,698528,270000,479340,876842,705148,118530,657652,401680,295656,1034926,561411
2257,466494,85527,89652,687543,781581,11437,470847,900830,437055,51065,495376,188130
2258,759992,923120,422200,228288,847572,625095,586024,373344,864281,496712,962847,785092
2259,513851,102226,141784,60893,358661,206638,890143,12944,1017933,823688,330876,182874
2260,401370,389232,140966,783352,836641,855261,612180,312924,731600,915746,424658,905974
2261,918155,908766,957042,712535,955739,137130,118621,689529,795022,726726,827721,463117
2262,499558,915611,423579,577645,614073,200113,477204,702217,368660,405279,970852,84898
2263,904132,573385,856630,477599,903256,299552,209318,291271,26090,522295,813989,825614
2264,135970,304391,188672,151686,226711,124600,467535,147224,474864,899868,124626,555658
2265,864890,759623,729866,972344,438703,661818,852130,315710,892236,539884,638903,225597
2266,483773,969232,888967,1021940,15438,344897,226476,818387,869736,1007215,815866,464839
2267,223544,457146,100419,784038,94354,530434,807702,76324,1047965,259179,903020,674888
2268,572638,1045385,936634,702328,67214,429474,164412,222565,441810,427460,29034,350709
2269,520969,993303,844522,400290,125587,690844,46527,504146,663325,912179,99231,977519
2270,140679,114924,493333,4402,35800,222389,233784,978182,956989,551933,933678,340116
2271,104929,1040257,525708,802843,570483,570153,96440,644872,74962,352613,715243,277334
2272,412806,218146,98550,33269,694386,473194,703392,294470,617329,228651,904861,404234
2273,256511,353242,770431,925081,887641,1016331,313234,208000,17279,292879,259189,853505
2274,459932,1038134,42247,758996,544456,91652,554158,1038792,628613,804209,58871,418647
2275,900338,701349,1011572,182508,106986,407174,537303,367407,1522,758129,724119,245777
2276,832686,1000742,580376,839550,177732,956413,614028,35306,711332,960239,1020399,788749
2277,455538,22778,604716,212787,328345,519005,66997,419260,568468,907422,541934,40015
2278,193507,507862,213468,621157,455231,901533,897231,445312,178300,135005,339700,177205
2279,676154,788731,588361,816897,327992,1038348,531406,168325,450538,338024,937138,1046773
2280,539131,934309,794573,838581,114154,912449,500499,236353,631690,485809,386464,535511
2281,576719,29401,37500,98876,1040618,426065,133367,150129,497335,960986,1004263,1040276
2282,722306,219968,146167,110152,1029612,586294,728767,626138,94770,56849,374799,544578
2283,892059,626417,453209,977216,646354,284277,244598,490051,238637,578664,886913,606957
2284,743436,1031190,383112,259324,349051,138520,366614,775678,799995,789269,887393,94492
2285,606401,977766,561066,870761,279169,1039931,194470,471991,109601,538027,970977,281070
2286,604841,682572,679720,949957,280022,820713,92336,211683,942940,257276,1008703,521618
2287,143083,963388,120389,959189,662308,63914,613702,934080,805813,467820,999476,269237
2288,147695,525803,751376,418747,23909,38226,50693,1007561,823398,211540,117528,504936
2289,485477,493682,914708,806319,843370,682185,112640,141578,608831,226594,834992,649253
2290,103113,55097,104350,75707,318931,345771,866001,663372,943349,338004,967697,32193
2291,956837,11783,509556,902770,853475,304899,355653,521947,778982,461235,924235,847743
2292,813476,889801,495174,500781,552948,913158,25618,428797,550269,1023905,670473,754372
2293,954074,222658,609274,560253,266658,427136,693048,811034,941165,82922,707606,184925
2294,177614,578120,584081,120423,287315,962747,724519,881781,905262,152380,559735,105639
2295,1030219,972533,813471,818194,774906,242361,229128,850082,785464,143509,567163,480239
2296,144681,646656,187461,1038572,251928,376281,198635,403391,557449,29212,851066,779193
2297,542157,703386,361493,18290,927501,792473,660662,561496,248782,768269,706804,851538
2298,830653,944374,365787,1009871,1019371,340767,619922,978670,995607,309952,556521,583954
2299,652774,635864,509391,658157,376795,196482,145240,855162,1011652,493049,130297,1044488
2300,1020067,138249,747992,712176,129667,674220,541857,225438,461831,680848,854096,24473
2301,651093,387938,961603,710434,491486,343004,479183,636241,207013,800092,375144,821320
2302,577237,234376,903484,931195,444910,177941,42484,810404,231541,505198,309943,947103
2303,833787,119149,387465,637668,558755,693061,268988,685118,188725,394838,928353,128603
2304,614838,767306,166298,394875,37073,817609,354455,147878,173317,236942,832220,319884
2305,943005,709072,68467,379373,261541,519732,806612,887557,648826,84761,247573,474470
2306,893608,103278,625809,606309,531845,511493,256970,552793,1007199,981461,42235,55556
2307,66852,757109,527397,301448,477026,887693,791061,631655,762975,357765,785136,472043
2308,563764,410815,779384,354004,1043563,206157,373504,886050,826517,730491,264605,429731
2309,336737,567832,1032256,598473,236337,281697,297760,1037184,1048447,539122,37500,306018
2310,368841,659058,772315,1015757,301351,736449,779519,436875,4381,853938,15275,37720
2311,686751,654037,86019,531631,72023,321286,499965,68269,1000703,124871,957971,983576
2312,866396,47144,636892,392349,517312,315218,633658,132823,700883,491260,48041,804196
2313,427617,965150,391536,916359,792454,385110,1007360,26907,835782,996499,758001,106710
2314,48178,10293,603114,447200,454293,197938,598100,233353,344157,398668,180956,50134
2315,68702,809360,55960,544295,965946,125564,38431,759558,61274,850492,552552,321066
2316,847784,125616,605291,540224,315580,714218,1010207,977348,444038,1017124,662111,707395
2317,108771,870471,869729,768692,415362,435899,917635,955148,618461,657549,509506,132105
2318,21815,774179,904475,815166,896300,261273,867989,83771,614434,854591,447938,237261
2319,389524,697877,1010532,893813,1040345,947870,694193,440962,927316,785988,606094,789050
2320,964152,645365,993994,340201,623708,606224,25672,523044,931839,755051,566642,232173
2321,511457,686287,160930,823910,653021,907536,311301,876345,163418,205487,638157,775896
2322,608393,17290,468488,551384,31713,130661,833043,289696,28472,776303,36256,424306
2323,531689,20055,213312,89488,551776,770854,605014,855002,729974,901050,921769,779198
2324,934169,712633,169799,746479,217382,768359,963122,633564,622651,179117,707848,284189
2325,26369,903878,949715,741904,359916,466589,795224,911106,796004,742395,973332,487339
2326,450566,708129,477529,888321,240419,142949,911246,848597,523164,673523,281951,241148
2327,319668,1041677,218979,25884,706798,594538,365293,64113,28877,490052,244264,236550
2328,224120,644457,776485,474649,210318,100042,545590,693281,1031707,460860,34422,102697
2329,605650,728746,339114,17817,221803,196830,38920,708304,556132,533465,838613,432062
2330,430024,202473,142841,463640,569454,834720,549402,823830,701344,165322,198462,103843
2331,188103,32723,1012893,272374,181448,902885,250666,167308,472213,462766,420084,177892
2332,329136,414752,158999,784874,670982,220099,187216,153839,832757,413115,114500,253635
2333,504826,513123,406154,685151,37500,546212,914457,522063,526212,6945,364300,726329
2334,789814,399588,587804,894072,124423,697908,390343,409151,447269,187801,893699,126360
2335,925733,1015306,985926,655952,146295,393239,425811,349098,536272,133448,851418,194929
2336,822449,276168,532848,818388,849338,713314,723495,689040,915769,290410,773128,399
2337,453357,910421,148561,956274,96575,50213,1023563,46874,540604,290596,961431,399860
2338,690838,619683,852408,5344,565745,77793,92047,58900,967543,795126,840451,260598
2339,1001239,422085,457734,462787,629876,577667,719326,30206,577279,775728,650117,59293
2340,1031507,202514,175873,475821,1008377,923308,981277,1045839,479996,809760,994688,770015
2341,667053,867725,525148,541986,667954,917647,741730,580940,657850,805815,233277,327485
2342,898553,219879,596992,748345,422962,336044,216076,1006487,497269,753314,819611,110493
2343,522593,897423,999112,136196,728554,336256,785896,727811,122167,994349,829948,156658
2344,6535,337110,459506,135696,973840,93342,287138,45376,321454,260700,229233,207043
2345,394692,664432,431265,682620,693962,172662,961774,572237,556703,57219,574868,672572
2346,578180,20690,365608,741611,182099,276577,817373,638686,530960,616862,663763,10886
2347,886356,353095,252823,43634,492482,19835,1047073,23369,815782,93810,238157,543563
2348,959981,687528,178406,386439,190473,397836,371502,336586,491132,48906,212725,919820
2349,273099,117360,115056,677265,921670,954659,976169,340517,27535,926927,13107,439750
2350,35588,686615,516501,951492,478219,354317,1034103,505669,38977,406006,873560,371728
2351,476021,474439,233928,745876,33570,151883,231420,155132,301986,85283,80512,325314
2352,257641,822727,685486,502422,309022,519652,823764,568825,837081,708407,279312,55740
2353,1041131,193243,423698,709752,781081,1016909,789394,741372,742835,243840,710227,877138
2354,767412,55417,911042,266235,165828,582496,338168,184246,817072,286271,122180,207989
2355,340230,928216,900229,1014736,275316,668072,894804,1005517,703663,855389,934215,272074
2356,219338,323542,534733,465777,476612,431290,850985,310571,1024705,796274,109176,642069
2357,783940,736550,1027537,465795,273140,787940,216779,461855,685104,909323,502914,167693
2358,301635,795457,93564,786546,570434,592268,189260,862131,58416,522525,680687,605009
2359,622554,369049,692411,957846,550505,14865,368027,263088,454743,909561,170516,801835
2360,299165,647702,549462,100969,909930,231260,984267,178499,821121,550009,559454,1022040
2361,795941,953269,1008779,219617,492625,162966,81222,936224,207387,687186,1000346,1741
2362,333542,317910,400179,121083,10505,438051,380952,147277,297415,260542,219857,424388
2363,601968,948553,260406,723324,449965,109888,1864,954516,322983,384078,101209,436273
2364,495699,39606,420173,131351,462499,828672,109922,484894,38180,352378,409284,395138
2365,544332,846892,1030504,841070,579517,403407,469436,161603,702791,302526,792404,88846
2366,535916,177248,511229,530327,1022794,1036549,778612,916310,51309,305037,967565,703245
2367,489366,444250,987675,829342,240741,706793,879666,683201,212918,55950,149118,324243
2368,507180,53722,170092,297666,801740,69350,953964,590411,335111,599310,250485,856742
2369,276247,667887,672596,477153,587971,189739,110954,750120,592503,767381,133014,872299
2370,826269,818219,914573,446876,655624,1023339,820711,380202,404544,737005,678948,607860
2371,1037709,870080,627972,46779,668898,138049,861235,966579,922978,653376,65677,1001817
2372,932287,722113,515357,1011091,727314,382247,733885,250850,945349,838874,112045,1041511
2373,917919,71918,911847,979928,202498,151810,33685,939918,791010,983752,345125,41386
2374,871397,722167,591693,613912,444078,721671,563156,827309,918986,454696,804654,656237
2375,236960,847339,847563,65324,387244,81114,837967,614415,1008135,389941,946057,778491
2376,391874,353420,664616,449815,438071,404484,329661,362594,43330,556644,714379,69304
2377,860340,796472,1024093,666181,450495,1021591,405631,989641,451132,852589,140630,398866
2378,759430,875707,484641,889590,426384,197426,856255,187441,102227,464302,816347,548001
2379,440588,208637,405708,172091,1009380,377322,595165,670919,717732,349582,202716,1033893
2380,33725,905297,241965,709119,856470,385807,250894,149698,127697,205735,266796,115589
2381,923201,951630,359251,448308,725600,767398,388360,497603,748866,376217,787819,476722
2382,693384,391220,906424,820110,416526,92267,758381,75478,667916,645237,418414,970045
2383,396641,480475,927102,520346,167963,451704,1000414,408626,565705,12302,865736,423138
2384,464288,231216,412862,615972,429676,901424,152344,226664,478489,298989,852618,650192
2385,334332,669613,275242,659726,450200,640893,199249,553622,293749,555481,266368,473972
2386,237611,785266,54561,120852,475366,109900,157139,450176,388914,135793,813116,241265
2387,643457,637841,723259,812538,1048039,451791,903720,137258,865246,989025,884343,683582
2388,127686,330348,524062,271995,496178,676094,212302,448944,672067,671682,867483,803501
2389,827411,981505,454702,660604,129916,525153,225989,223628,614148,944560,463462,889086
2390,866439,1024852,437925,904016,799479,749201,995688,1003925,580191,423330,36943,2893
2391,450121,12722,405556,857554,313552,229927,634694,873456,652005,639669,595366,33010
2392,660336,61158,44546,790175,469643,628765,964285,238436,79092,956048,317704,691099
2393,624089,125379,90284,269612,402729,744643,1011845,112667,626761,730063,643640,779413
2394,231746,526184,661220,111350,499453,602726,680909,220404,292470,610463,413682,160657
2395,69601,88523,257175,507439,1003962,897706,61150,27654,827422,355318,179688,179106
2396,589581,720825,206559,838518,988602,946608,804370,713609,268660,1003096,239013,899297
2397,267941,735503,188347,373054,348784,1008428,830849,80403,114067,1046656,473547,392713
2398,442430,69501,113851,720593,999147,229245,1035628,289200,159667,809865,418757,342860
2399,275369,618509,441939,100234,740948,47276,480696,158753,594690,956067,460070,151372
